Metadata_treatment,Pathway,mean_logit_score,mean_relative_cell_count,mean_average_precision,corrected_p_value,-log10(p-value),hit
UCD-0001812,Others,0.9779592476124797,0.8115532017253011,1.0,0.0027641070585855,2.5584451400053156,True
UCD-0159487,Others,0.9594373501969188,0.816326295343221,0.6805555555555555,0.0489284471184923,1.3104385675748629,True
UCD-0159486,Others,0.9446007552859788,0.904964316628014,0.7458333333333333,0.040347711989503,1.394181087918541,True
UCD-0159268,Others,0.9610885015018698,0.9960657156896622,1.0,0.0027641070585855,2.5584451400053156,True
UCD-0001419,Transmembrane Transporters,0.9917529613532274,0.8965337686277699,0.7236531986531987,0.0417582417582417,1.3792577957042835,True
UCD-0001921,Epigenetics,0.96973675348078,0.8184930530423884,1.0,0.0027641070585855,2.5584451400053156,True
UCD-0159406,Neuronal Signaling,0.9085876235742428,0.911870298130483,0.8898809523809524,0.010298273155416,1.98723559295969,True
UCD-0000841,Neuronal Signaling,0.9120864131180358,0.9448852951147372,0.8958333333333334,0.010298273155416,1.98723559295969,True
UCD-0159442,Epigenetics,0.9097251349105212,1.0181653087831728,0.7683531746031746,0.0259478741154133,1.5858982176908607,True
UCD-0159476,Metabolism,0.0877858396880912,0.8908245977348397,0.6265873015873016,0.0547226053298927,1.2618332341413614,False
UCD-0159484,Epigenetics,0.0733764747558531,1.0091534711518184,0.8301587301587301,0.0125152625152625,1.9025600363686452,False
UCD-0159468,Apoptosis,0.7254765055040252,0.4724457844486683,0.5134259259259258,0.1624708624708624,0.7892245140867148,False
UCD-0159460,Angiogenesis,0.4971101724767224,1.1696653152884449,0.3691942195231669,0.2538628883806549,0.5954007829762935,False
UCD-0159475,Metabolism,,,,,,False
UCD-0159445,Others,0.4422649218533427,0.016,,,,False
UCD-0159515,Epigenetics,0.2402009341234867,0.5084054073294533,0.569047619047619,0.0780735509977387,1.1074960672902194,False
UCD-0159507,Cytoskeletal Signaling,,,,,,False
UCD-0159499,Cell Cycle,,,,,,False
UCD-0159491,Others,,,,,,False
UCD-0159483,Endocrinology & Hormones,0.6616583153816692,1.1266135539430664,0.4667522170811645,0.1661318032999449,0.7795472207963838,False
UCD-0159453,TGF-beta/Smad,0.1526538803318474,0.994444092832442,0.2415865384615384,0.4546268211426582,0.3423449462383081,False
UCD-0159452,Ubiquitin,,,,,,False
UCD-0159467,Ubiquitin,8.587363474179593e-35,0.0047846889952153,,,,False
UCD-0159459,Cytoskeletal Signaling,0.115730971056896,0.9565389954239708,0.6199074074074074,0.0547226053298927,1.2618332341413614,False
UCD-0159500,Epigenetics,0.1114971014860605,0.8199504759772576,0.4602843915343915,0.1747028481722359,0.7577000146770427,False
UCD-0159444,MAPK,0.2405286434093204,1.284090715896602,0.4112193362193362,0.2433448904037139,0.6137777683552145,False
UCD-0159514,Others,0.046115240081593,0.9602461970547564,0.5564213564213565,0.0897892143443745,1.0467758285002375,False
UCD-0159506,NF-κB,0.2848224827994561,0.7579140975137832,0.7822420634920635,0.0216841981547863,1.663856632698532,False
UCD-0159498,PI3K/Akt/mTOR,,,,,,False
UCD-0159490,Ubiquitin,,,,,,False
UCD-0159482,Angiogenesis,,,,,,False
UCD-0159474,DNA Damage,0.7071047643793658,1.0066459887387604,0.5204545454545454,0.1082488939631796,0.9655765323708264,False
UCD-0159466,Cell Cycle,0.7838160160404646,0.7384918331832211,0.5588624338624338,0.0807436291307259,1.0928917345389368,False
UCD-0159458,Others,0.6462563925226518,0.7613172059046268,0.5949735449735449,0.0677517970751053,1.1690791809044627,False
UCD-0159451,Ubiquitin,0.060476359900646,0.1180913242009132,0.1964285714285714,0.3234714003944773,0.490164111285638,False
UCD-0159443,Others,0.8877708811184992,0.8466576810447909,0.8291666666666666,0.0125152625152625,1.9025600363686452,False
UCD-0159492,Cell Cycle,0.1644356913793432,0.9384449424455258,0.6777777777777778,0.0496199835406883,1.3043433841224432,False
UCD-0000253,Neuronal Signaling,0.5946240388937591,0.8598445034002572,1.0,0.0027641070585855,2.5584451400053156,False
UCD-0159429,Stem Cells & Wnt,0.995343909338972,0.6582825377140081,0.6076388888888888,0.0677517970751053,1.1690791809044627,False
UCD-0159372,Protein Tyrosine Kinase,0.3692744515747218,0.2785388127853881,,,,False
UCD-0159336,Ubiquitin,,,,,,False
UCD-0159343,GPCR & G Protein,,,,,,False
UCD-0001863,Angiogenesis,0.9838102318424772,0.8028991346331802,0.5004629629629629,0.1228771228771228,0.9105289660399208,False
UCD-0159353,Proteases,0.9382881009770744,0.7494209995633342,0.5996212121212121,0.0677517970751053,1.1690791809044627,False
UCD-0159359,Others,0.8584731066902558,0.9032274853092804,0.600297619047619,0.0677517970751053,1.1690791809044627,False
UCD-0159365,TGF-beta/Smad,0.4976365377659735,0.8459904998946741,0.7232142857142857,0.0417582417582417,1.3792577957042835,False
UCD-0159380,GPCR & G Protein,0.8586081318562958,1.027931759144666,0.7958333333333333,0.0194832194832194,1.7103392770124284,False
UCD-0159508,Epigenetics,0.0030796422187744,0.0053333333333333,,,,False
UCD-0159388,NF-κB,,,,,,False
UCD-0159337,Neuronal Signaling,0.5776538213078914,1.001412702903011,0.39375,0.2466165413533834,0.6079777972554067,False
UCD-0001391,Metabolism,0.8553415739097523,0.9468343197122396,0.6583333333333333,0.0502759043531575,1.298640108656559,False
UCD-0001856,Angiogenesis,0.3079330289733557,1.233266174550982,0.5184523809523809,0.1090038993264799,0.9625579660439308,False
UCD-0159348,Cell Cycle,,,,,,False
UCD-0159354,Metabolism,0.5316557091347441,0.9721254758261764,0.6801587301587301,0.0496199835406883,1.3043433841224432,False
UCD-0159387,Neuronal Signaling,0.9888601510936008,1.003556840129724,0.5594907407407407,0.0807436291307259,1.0928917345389368,False
UCD-0159379,PI3K/Akt/mTOR,0.8754297144543968,0.9334286270085804,0.5553751803751803,0.0951865036372078,1.021424625264752,False
UCD-0159470,MAPK,0.2532297917335183,1.0132613860059076,0.4451388888888889,0.2100876651438449,0.6775994455341782,False
UCD-0159462,GPCR & G Protein,0.1066284791036975,1.2264219393124394,0.5324494949494949,0.1024660957771325,0.9894198112195514,False
UCD-0159455,TGF-beta/Smad,0.1162755305184334,0.9904307307580802,0.56627886002886,0.0780735509977387,1.1074960672902194,False
UCD-0159447,Ubiquitin,0.0245696985817246,0.986317061561231,0.5747113997113997,0.0775671215231654,1.1103223247063967,False
UCD-0159517,Proteases,0.3556983528548707,0.8859351277083105,0.6000945691735166,0.0677517970751053,1.1690791809044627,False
UCD-0159509,Others,0.1105064651677384,0.5567522949495277,0.4379477004477004,0.2190516665654787,0.659453438320374,False
UCD-0159501,Cell Cycle,0.0831581691666162,0.3564801205021873,0.5572180134680135,0.0897892143443745,1.0467758285002375,False
UCD-0159493,Epigenetics,0.2501230845517162,0.6001035487118456,0.55,0.0997861199203481,1.0009298641357447,False
UCD-0159485,Transmembrane Transporters,,,,,,False
UCD-0159477,Metabolism,0.3505181801038599,0.1806461298908906,0.5926346801346801,0.0677517970751053,1.1690791809044627,False
UCD-0159469,Protein Tyrosine Kinase,,,,,,False
UCD-0159461,Angiogenesis,0.0137465545010212,0.0334928229665071,,,,False
UCD-0159454,TGF-beta/Smad,,,,,,False
UCD-0159446,Transmembrane Transporters,,,,,,False
UCD-0159516,Proteases,0.2157215272494935,0.4979494366066144,0.5954365079365079,0.0677517970751053,1.1690791809044627,False
UCD-0159434,Angiogenesis,0.7739503151986251,0.6365562476510445,0.7544642857142857,0.0394811374192817,1.4036103441533103,False
UCD-0159409,Others,0.9694219925740604,0.7108481087701133,0.5829365079365079,0.0731519403106119,1.1357741499895764,False
UCD-0159421,Apoptosis,0.9957429034524,0.5390400032501812,0.9458333333333332,0.0027641070585855,2.5584451400053156,False
UCD-0159368,Angiogenesis,,,,,,False
UCD-0000936,Neuronal Signaling,0.8197004228050055,0.8003798653656887,1.0,0.0027641070585855,2.5584451400053156,False
UCD-0001886,Cell Cycle,0.1310034045210222,0.3390756645287494,0.9791666666666666,0.0027641070585855,2.5584451400053156,False
UCD-0159344,Endocrinology & Hormones,0.1515753714886064,0.988451713057792,1.0,0.0027641070585855,2.5584451400053156,False
UCD-0159350,Neuronal Signaling,0.8582978862472107,1.1182024272667703,1.0,0.0027641070585855,2.5584451400053156,False
UCD-0159355,PI3K/Akt/mTOR,0.2107990195917259,1.1429130695278813,1.0,0.0027641070585855,2.5584451400053156,False
UCD-0159361,Others,0.7799901547992171,1.109449202443305,1.0,0.0027641070585855,2.5584451400053156,False
UCD-0159375,NF-κB,0.2133249190454664,1.0724480139618882,1.0,0.0027641070585855,2.5584451400053156,False
UCD-0159413,NF-κB,0.9645868585284776,0.6086134928180569,0.5314484126984127,0.1047789419882443,0.9797259911809444,False
UCD-0159383,NF-κB,0.0987475838067604,1.1624824120788508,1.0,0.0027641070585855,2.5584451400053156,False
UCD-0159333,Transmembrane Transporters,0.3224956414525506,1.1393725875876564,1.0,0.0027641070585855,2.5584451400053156,False
UCD-0001616,Metabolism,0.1443003860398355,0.9967789073251798,0.9791666666666666,0.0027641070585855,2.5584451400053156,False
UCD-0159339,Neuronal Signaling,0.2258984666599824,0.6333202520186492,1.0,0.0027641070585855,2.5584451400053156,False
UCD-0159345,Neuronal Signaling,0.0575396072987055,0.9733589734483806,0.7756944444444445,0.0259478741154133,1.5858982176908607,False
UCD-0159351,Others,0.1445887024207281,1.0824400266845071,0.6296717171717171,0.0525641025641025,1.279310745970745,False
UCD-0159332,Apoptosis,0.707096083296747,0.8280850804786614,1.0,0.0027641070585855,2.5584451400053156,False
UCD-0159331,Transmembrane Transporters,0.6041716288466134,0.8174052072466181,1.0,0.0027641070585855,2.5584451400053156,False
UCD-0159326,Neuronal Signaling,0.5118059704721877,0.8563672131364555,1.0,0.0027641070585855,2.5584451400053156,False
UCD-0000972,Neuronal Signaling,0.3452326552222375,0.7586210159714999,1.0,0.0027641070585855,2.5584451400053156,False
UCD-0001078,Metabolism,0.998150771582884,0.0134743167345617,1.0,0.0027641070585855,2.5584451400053156,False
UCD-0159624,GPCR & G Protein,0.4017343464968235,0.4232646736124715,0.2882055308525896,0.3460136151551465,0.4609068119863709,False
UCD-0159616,GPCR & G Protein,,,,,,False
UCD-0159608,Metabolism,0.0949448061696212,0.6650996150692838,0.3588755199049316,0.2646978021978021,0.5772496646575843,False
UCD-0159601,Protein Tyrosine Kinase,,,,,,False
UCD-0159661,Transmembrane Transporters,0.082913382632695,0.3646683012260114,0.2388970982720982,0.4657707157707157,0.3318278201787167,False
UCD-0159653,Protein Tyrosine Kinase,0.2301094624405381,1.0031495357879472,0.3076326451326451,0.3071928071928071,0.5125889573678831,False
UCD-0159647,GPCR & G Protein,0.1202703804354455,0.84076024472959,0.2441405816405816,0.4536144127980863,0.3433131549545768,False
UCD-0159639,Protein Tyrosine Kinase,0.0971662156207788,0.7965353478163362,0.4497414622414622,0.1947289998137455,0.7105693668095472,False
UCD-0159631,Cell Cycle,0.1357352139288619,1.0123996246807343,0.5359725922225922,0.0997861199203481,1.0009298641357447,False
UCD-0159623,DNA Damage,0.1255203618660779,0.8168911067296436,0.2576215451215451,0.4258618094234532,0.3707313049845587,False
UCD-0159615,Angiogenesis,0.1503390828995218,1.1454545454545455,,,,False
UCD-0001957,Epigenetics,0.4916923283957767,0.5987000447483927,0.4331196581196581,0.2283438632212474,0.6414106556355311,False
UCD-0001790B,Protein Tyrosine Kinase,,,,,,False
UCD-0159362,Stem Cells & Wnt,0.1074691777852134,1.0634158415904598,0.6158267400527462,0.0563186813186813,1.2493475225933015,False
UCD-0159369,Epigenetics,0.7193869358956596,1.1901844259165066,1.0,0.0027641070585855,2.5584451400053156,False
UCD-0001861,Angiogenesis,0.3994782126343048,0.535007226099393,1.0,0.0027641070585855,2.5584451400053156,False
UCD-0159366,Metabolism,0.3067650037230786,1.0254653745292008,0.3733886483886484,0.2522159774068171,0.5982274051545786,False
UCD-0159371,Apoptosis,0.830916340110495,0.5687393301430047,1.0,0.0027641070585855,2.5584451400053156,False
UCD-0159364,Others,0.2375226625340119,0.9208613371733364,0.6746031746031745,0.0496199835406883,1.3043433841224432,False
UCD-0159358,Metabolism,0.3120302506939457,0.9379180591896076,1.0,0.0027641070585855,2.5584451400053156,False
UCD-0159352,Proteases,0.4195018291082867,0.566735638557051,1.0,0.0027641070585855,2.5584451400053156,False
UCD-0001885,PI3K/Akt/mTOR,0.9301004606072608,0.3378351493410846,1.0,0.0027641070585855,2.5584451400053156,False
UCD-0159342,Others,0.2845006186505917,0.8223263196764256,0.9305555555555556,0.0027641070585855,2.5584451400053156,False
UCD-0018448,GPCR & G Protein,0.4272588677130382,0.8374216826768619,1.0,0.0027641070585855,2.5584451400053156,False
UCD-0159335,JAK/STAT,0.7371280798900858,0.1274459398155148,1.0,0.0027641070585855,2.5584451400053156,False
UCD-0159386,DNA Damage,0.207756166971036,0.9702237844191192,1.0,0.0027641070585855,2.5584451400053156,False
UCD-0159378,Protein Tyrosine Kinase,0.2244738070748783,0.7198983050933754,1.0,0.0027641070585855,2.5584451400053156,False
UCD-0159370,PI3K/Akt/mTOR,0.5563156217563376,0.8948715251206556,1.0,0.0027641070585855,2.5584451400053156,False
UCD-0011696,JAK/STAT,0.299116416015747,0.9266479586173748,0.6649305555555556,0.0502759043531575,1.298640108656559,False
UCD-0159357,Apoptosis,0.8905682263066627,0.0161652786412098,1.0,0.0027641070585855,2.5584451400053156,False
UCD-0159347,Metabolism,0.7947990872021455,0.8715896521289308,1.0,0.0027641070585855,2.5584451400053156,False
UCD-0159376,Transmembrane Transporters,0.0342805454119404,1.1086639340631477,1.0,0.0027641070585855,2.5584451400053156,False
UCD-0159341,Metabolism,0.1452259676928746,0.9243969382824668,0.3557359307359307,0.2646978021978021,0.5772496646575843,False
UCD-0001186,Neuronal Signaling,0.0875336988743265,0.907091708200509,0.6030753968253968,0.0677517970751053,1.1690791809044627,False
UCD-0000684,Others,0.2231856957924329,0.95642951326359,0.6372204184704184,0.0525641025641025,1.279310745970745,False
UCD-0159385,Metabolism,0.1709544463629141,0.8407938940032922,0.6248704998704998,0.0547226053298927,1.2618332341413614,False
UCD-0159377,Metabolism,0.6168237291783326,0.8098206165694446,1.0,0.0027641070585855,2.5584451400053156,False
UCD-0018540,MAPK,0.4476487048868842,1.0051265617513916,1.0,0.0027641070585855,2.5584451400053156,False
UCD-0159363,Others,,,,,,False
UCD-0159356,Cytoskeletal Signaling,0.1029720657719452,0.8559263784322382,1.0,0.0027641070585855,2.5584451400053156,False
UCD-0001900,PI3K/Akt/mTOR,0.1921581419983801,1.0871040366108793,1.0,0.0027641070585855,2.5584451400053156,False
UCD-0159346,Stem Cells & Wnt,0.8558897423896336,1.0691317129406877,1.0,0.0027641070585855,2.5584451400053156,False
UCD-0159340,Others,,,,,,False
UCD-0159338,Neuronal Signaling,0.1298324978557497,1.063722358292334,0.5144841269841269,0.1126373626373626,0.9483175269293204,False
UCD-0159334,Metabolism,0.81718253393268,0.4424773460447511,1.0,0.0027641070585855,2.5584451400053156,False
UCD-0159384,NF-κB,,,,,,False
UCD-0000201,GPCR & G Protein,0.3112509121541552,0.6892063416036018,0.4674603174603174,0.1661318032999449,0.7795472207963838,False
UCD-0001864,Angiogenesis,0.1057810567027074,0.0100755667506297,,,,False
UCD-0159373,Angiogenesis,0.2468651731016476,0.331562771734781,0.5095238095238095,0.1176594106530412,0.9293733312908564,False
UCD-0159478,Cell Cycle,0.9488829161262836,0.5638510671036133,0.5578703703703703,0.1565934065934066,0.8052265279765646,False
UCD-0159449,Ubiquitin,0.7567513384716827,0.6645188559312732,0.4763979076479076,0.155694458446752,0.8077268447782245,False
UCD-0159519,Stem Cells & Wnt,0.0924146473429188,0.0441806922832645,1.0,0.0027641070585855,2.5584451400053156,False
UCD-0159511,Autophagy,0.696184158663806,0.8495461227151326,0.3989357864357864,0.2466165413533834,0.6079777972554067,False
UCD-0159503,Cytoskeletal Signaling,0.7328263309942077,0.6755749124118284,0.5402777777777777,0.0997861199203481,1.0009298641357447,False
UCD-0159495,Apoptosis,0.7851964936049428,0.6071033425967385,0.6898989898989898,0.0489284471184923,1.3104385675748629,False
UCD-0159479,Transmembrane Transporters,0.7824579668009641,0.7496404295264902,0.7090277777777777,0.0448414145096609,1.3483206961651315,False
UCD-0159471,Proteases,0.7559995229342313,0.9754479634606494,0.7013888888888888,0.0448414145096609,1.3483206961651315,False
UCD-0159463,GPCR & G Protein,,,,,,False
UCD-0159456,Apoptosis,0.8001577500686391,0.9733710602453284,0.6833333333333332,0.0489284471184923,1.3104385675748629,False
UCD-0159448,Ubiquitin,,,,,,False
UCD-0159518,Proteases,0.999850919616445,0.5464637196496336,0.7458333333333333,0.040347711989503,1.394181087918541,False
UCD-0159510,Autophagy,0.9996290987429646,0.6920272319772511,0.7458333333333333,0.040347711989503,1.394181087918541,False
UCD-0159502,MAPK,,,,,,False
UCD-0159494,Protein Tyrosine Kinase,,,,,,False
UCD-0000918,Proteases,0.1711680900630381,0.8032050336365395,0.6834415584415584,0.0489284471184923,1.3104385675748629,False
UCD-0159464,Metabolism,0.5300378457594247,1.1914385825023337,0.6201388888888889,0.0547226053298927,1.2618332341413614,False
UCD-0159397,Others,0.2050837895679669,0.7235904551841102,0.4399801587301587,0.2189821351832525,0.6595913139626328,False
UCD-0159441,Metabolism,0.2090019251418315,0.7959814380225703,0.5102362914862915,0.1176594106530412,0.9293733312908564,False
UCD-0001925,Epigenetics,0.5776960040026369,0.5489326148459673,1.0,0.0027641070585855,2.5584451400053156,False
UCD-0159428,Apoptosis,0.1437124401386361,0.7218280448111476,0.7134920634920635,0.0448414145096609,1.3483206961651315,False
UCD-0159420,Angiogenesis,0.0151880097011894,0.6222103376460448,0.6073006854256854,0.0677517970751053,1.1690791809044627,False
UCD-0159412,Apoptosis,3.261739866158687e-07,0.0048472075869336,0.2954545454545454,0.2258919163028752,0.6460993103274033,False
UCD-0001098,Neuronal Signaling,0.1609263281689471,0.9500420131234888,0.5814574314574315,0.0731519403106119,1.1357741499895764,False
UCD-0159664,Epigenetics,0.1868204396922776,0.9358576293743522,0.4025974025974025,0.2466165413533834,0.6079777972554067,False
UCD-0159405,Metabolism,0.1950792756188837,0.915507436681944,0.1893442205942206,0.6608058608058608,0.1799261138348331,False
UCD-0159401,Angiogenesis,0.1765220483603227,0.9931039634801144,0.7638888888888888,0.0194832194832194,1.7103392770124284,False
UCD-0159396,DNA Damage,0.4663345887968183,0.9965748682522502,0.8982142857142857,0.010298273155416,1.98723559295969,False
UCD-0159440,Protein Tyrosine Kinase,,,,,,False
UCD-0001966,Others,,,,,,False
UCD-0159427,Apoptosis,,,,,,False
UCD-0001927,Epigenetics,0.967565070822416,0.9018493186901436,0.6602272727272727,0.0502759043531575,1.298640108656559,False
UCD-0159472,TGF-beta/Smad,0.2527974770117688,0.6883360009940249,0.9097222222222222,0.010298273155416,1.98723559295969,False
UCD-0018183,Proteases,0.1993284698511397,0.9920321194399632,0.4518849206349206,0.1868756243756243,0.728447343295052,False
UCD-0159522,Proteases,0.3004574739023935,0.7356603498826765,0.7652777777777778,0.0303478904515174,1.5178714923022951,False
UCD-0159553,PI3K/Akt/mTOR,0.3032113659611647,0.1615576580286638,0.7343253968253969,0.040347711989503,1.394181087918541,False
UCD-0159546,Ubiquitin,0.2349187798815774,1.0300586865683825,0.7775974025974026,0.0259478741154133,1.5858982176908607,False
UCD-0159538,MAPK,0.0859138950255536,0.5136505699997693,0.9583333333333334,0.0027641070585855,2.5584451400053156,False
UCD-0159530,Proteases,0.1401155173061275,0.8394122018467577,0.5431394993894993,0.0997861199203481,1.0009298641357447,False
UCD-0159523,Proteases,0.2007547536520756,0.7408832128019696,1.0,0.0027641070585855,2.5584451400053156,False
UCD-0159591,Epigenetics,0.0802360709306444,1.0448494458110342,0.5343434343434343,0.0997861199203481,1.0009298641357447,False
UCD-0159584,Cell Cycle,0.2857008523559608,1.08526622468238,0.5692460317460317,0.0780735509977387,1.1074960672902194,False
UCD-0159576,Others,0.4822885958141235,0.969349136345644,0.6268939393939393,0.0547226053298927,1.2618332341413614,False
UCD-0159568,Others,0.17357012635093,1.102014698616265,0.6472222222222223,0.0502759043531575,1.298640108656559,False
UCD-0159560,DNA Damage,0.1891471661822094,0.515959383505048,0.6214285714285714,0.0547226053298927,1.2618332341413614,False
UCD-0159552,Protein Tyrosine Kinase,0.1978008338756756,1.005948576896985,0.3021990740740741,0.3178460494374984,0.497783182119814,False
UCD-0159545,Autophagy,0.1487361201176338,0.8646663360863673,0.3380189255189255,0.2782805429864253,0.5555171579096939,False
UCD-0159537,Others,,,,,,False
UCD-0159529,Cell Cycle,0.1919606529470446,0.0736886416786434,0.6620370370370371,0.0612747252747252,1.2127186272311403,False
UCD-0159521,Others,0.1176449390961468,0.7249770083508198,1.0,0.0027641070585855,2.5584451400053156,False
UCD-0159480,Transmembrane Transporters,0.6370938354967194,0.4397214956147099,0.5,0.1060116354234001,0.9746464656516696,False
UCD-0159513,Others,0.4182497927150356,0.8722134854632098,0.8625,0.010298273155416,1.98723559295969,False
UCD-0159505,Others,0.2524582032066113,0.9898711405555816,0.4638888888888888,0.1725788831051989,0.7630123460017288,False
UCD-0159497,PI3K/Akt/mTOR,0.2701731619084627,0.9535298215229296,0.6472222222222221,0.0502759043531575,1.298640108656559,False
UCD-0159489,Epigenetics,,,,,,False
UCD-0159481,Cell Cycle,0.5356686987200453,0.7874119648496654,0.6727272727272726,0.0496199835406883,1.3043433841224432,False
UCD-0159473,Epigenetics,0.623138299821281,1.0099001611204628,0.9097222222222222,0.010298273155416,1.98723559295969,False
UCD-0159465,Metabolism,0.4648778528854145,0.951824911555304,0.625,0.0547226053298927,1.2618332341413614,False
UCD-0159457,Proteases,0.5137704467241636,1.121074774517766,0.6132034632034632,0.0579019374200097,1.2373069043771885,False
UCD-0159450,DNA Damage,,,,,,False
UCD-0159520,NF-κB,0.9999999209801378,0.0206185567010309,,,,False
UCD-0159512,Others,,,,,,False
UCD-0159504,Others,0.6713424582323,0.1285814293306444,1.0,0.0027641070585855,2.5584451400053156,False
UCD-0159496,Others,0.379781840834139,1.0243258649619829,0.4364621489621489,0.2209305845669482,0.6557441583285767,False
UCD-0159488,Epigenetics,0.5477703348911679,0.3493711078426991,0.9305555555555556,0.0027641070585855,2.5584451400053156,False
UCD-0159419,Protein Tyrosine Kinase,0.045820367758905,0.0231673690234639,1.0,0.0027641070585855,2.5584451400053156,False
UCD-0011250,Endocrinology & Hormones,0.2435910012813165,1.0933428291160951,0.5510010822510822,0.0997861199203481,1.0009298641357447,False
UCD-0159381,Neuronal Signaling,0.2268558073131864,0.6807859754731196,1.0,0.0027641070585855,2.5584451400053156,False
UCD-0159408,Neuronal Signaling,0.2231532086041569,1.0635805812187535,0.3280844155844156,0.2843273231622746,0.5461814036636747,False
UCD-0159431,PI3K/Akt/mTOR,0.0588404533046629,0.4300192138684383,0.681060606060606,0.0489284471184923,1.3104385675748629,False
UCD-0159423,PI3K/Akt/mTOR,0.0397510319719553,0.882781233911069,0.6643939393939393,0.0502759043531575,1.298640108656559,False
UCD-0159415,Ubiquitin,,,,,,False
UCD-0159410,Neuronal Signaling,0.1734062652669647,0.8176983597544698,0.7729166666666667,0.0259478741154133,1.5858982176908607,False
UCD-0011462,Endocrinology & Hormones,,,,,,False
UCD-0159407,NF-κB,0.1821506863231377,1.0815961372268736,0.4396762959262959,0.2190516665654787,0.659453438320374,False
UCD-0159402,GPCR & G Protein,0.1014849335408048,0.7819939327160653,0.5940656565656566,0.0677517970751053,1.1690791809044627,False
UCD-0159398,Protein Tyrosine Kinase,0.173032348669187,1.1251785893965254,0.693560606060606,0.0489284471184923,1.3104385675748629,False
UCD-0159391,Protein Tyrosine Kinase,0.1197814783822208,1.2124649989716758,0.3946428571428571,0.2466165413533834,0.6079777972554067,False
UCD-0159435,Protein Tyrosine Kinase,4.651425286072529e-05,0.011887098443808,1.0,0.0027641070585855,2.5584451400053156,False
UCD-0159430,Proteases,,,,,,False
UCD-0159422,Apoptosis,0.4074767662326746,0.9060277510609194,0.5069444444444444,0.1208097895795056,0.9178978721048168,False
UCD-0159414,DNA Damage,0.093274199097688,0.6560363396997744,0.4060185185185185,0.2450989010989011,0.6106586359031783,False
UCD-0017582,Neuronal Signaling,0.2391929733379879,0.902100453303181,0.3013736263736263,0.3178460494374984,0.497783182119814,False
UCD-0000899,Neuronal Signaling,,,,,,False
UCD-0159392,Angiogenesis,0.9618056496327428,0.5009260704437855,1.0,0.0027641070585855,2.5584451400053156,False
UCD-0018458,Proteases,0.2813283756268461,0.9134207996091644,0.5731150793650793,0.0775671215231654,1.1103223247063967,False
UCD-0022022,Others,0.1250864274805549,0.9460571974492732,0.4376082251082251,0.2190516665654787,0.659453438320374,False
UCD-0159390,Neuronal Signaling,0.3022670502884608,0.9375341295969252,0.6713383838383837,0.0496199835406883,1.3043433841224432,False
UCD-0159389,Protein Tyrosine Kinase,0.3590864833906316,0.7456855021725108,0.5037698412698413,0.1228771228771228,0.9105289660399208,False
UCD-0159382,Neuronal Signaling,0.3128053942337871,1.0594754631963277,0.3501230251230251,0.269655531500918,0.5691906665099344,False
UCD-0159374,Endocrinology & Hormones,0.1781407824759115,0.8070906480284608,0.3763888888888889,0.2522159774068171,0.5982274051545786,False
UCD-0159367,Neuronal Signaling,0.6417548682864812,0.9492801476455638,0.5871212121212122,0.072560398403095,1.1393003413863467,False
UCD-0159360,Metabolism,0.2427118484804808,0.921996033954084,0.3622023809523809,0.2589233551258867,0.5868287740346956,False
UCD-0001567,Transmembrane Transporters,0.1510252306930224,0.1998723301473379,0.1833333333333333,0.3234714003944773,0.490164111285638,False
UCD-0159349,Metabolism,0.8207345891205396,0.5003480736293829,0.4796296296296296,0.147401980735314,0.8314966805432,False
UCD-0001888,PI3K/Akt/mTOR,0.0908448856377737,0.7869841002955156,0.4232142857142857,0.238095238095238,0.6232492903979004,False
UCD-0001870,Angiogenesis,1.9258863219054208e-19,0.0048076923076923,,,,False
UCD-0000737,GPCR & G Protein,0.6681881279075255,1.1433540984351214,0.3893939393939394,0.2493902963876854,0.6031204486412295,False
UCD-0159660,Epigenetics,,,,,,False
UCD-0159436,Stem Cells & Wnt,0.4204380524126,0.8187474643784382,0.3499098124098124,0.2712262861516593,0.566668222705397,False
UCD-0159399,Apoptosis,0.8834793005955134,0.1646186070743115,0.5944444444444444,0.0964333911702332,1.0157725605991013,False
UCD-0011098,Neuronal Signaling,0.3290398152543918,0.8982901450923371,0.7482142857142857,0.040347711989503,1.394181087918541,False
UCD-0159433,Protein Tyrosine Kinase,0.735386106362139,1.0021025228761418,1.0,0.0027641070585855,2.5584451400053156,False
UCD-0159404,Metabolism,0.0906359116858516,0.81766228476943,0.4472402597402597,0.2056028478563689,0.6869708741138213,False
UCD-0018456,GPCR & G Protein,,,,,,False
UCD-0159395,GPCR & G Protein,0.1745689019658874,1.018545259347913,0.9791666666666666,0.0027641070585855,2.5584451400053156,False
UCD-0159439,PI3K/Akt/mTOR,0.7538769312354222,0.3431507616828252,1.0,0.0027641070585855,2.5584451400053156,False
UCD-0001924,Epigenetics,0.1492955451942889,0.4628583320326725,1.0,0.0027641070585855,2.5584451400053156,False
UCD-0159426,DNA Damage,0.2469218060153983,1.0252433057911228,0.6384920634920634,0.0525641025641025,1.279310745970745,False
UCD-0159418,Transmembrane Transporters,0.2775686420570803,0.9535151199274984,0.5387896825396825,0.0997861199203481,1.0009298641357447,False
UCD-0001657,GPCR & G Protein,0.6541809619718262,0.8265458606396707,1.0,0.0027641070585855,2.5584451400053156,False
UCD-0001002,Neuronal Signaling,0.6491241414618054,0.9827546996614006,0.6067550505050504,0.0677517970751053,1.1690791809044627,False
UCD-0000377,Transmembrane Transporters,0.6119232767921465,1.214399432720041,0.9125,0.010298273155416,1.98723559295969,False
UCD-0001653,Transmembrane Transporters,0.5347552050278691,1.0796966859164456,0.5796717171717172,0.0731519403106119,1.1357741499895764,False
UCD-0018410,Metabolism,0.4117358611600622,1.0548714226279006,0.5282828282828282,0.1047789419882443,0.9797259911809444,False
UCD-0159394,TGF-beta/Smad,0.4210312496973564,0.979371646823984,1.0,0.0027641070585855,2.5584451400053156,False
UCD-0159438,Cytoskeletal Signaling,0.0416538473105436,0.0706149354008822,0.4553751803751804,0.1835571835571835,0.7362286146021204,False
UCD-0159425,Apoptosis,0.3701285121049578,0.1359792107724057,0.8194444444444443,0.0194832194832194,1.7103392770124284,False
UCD-0159403,GPCR & G Protein,0.9792588486103536,0.7503744340481129,0.6926767676767677,0.0489284471184923,1.3104385675748629,False
UCD-0159417,GPCR & G Protein,0.0785471092681215,0.0422408994728226,0.6027777777777777,0.0910685059621229,1.040631788248228,False
UCD-0159411,Neuronal Signaling,0.5186944136725086,0.9049361294715798,0.8472222222222222,0.010298273155416,1.98723559295969,False
UCD-0000463,Others,0.3662311435457167,0.683796368555226,0.9791666666666666,0.0027641070585855,2.5584451400053156,False
UCD-0011606,Neuronal Signaling,,,,,,False
UCD-0001059,Epigenetics,0.7673013239355088,0.9749030534908992,0.6902777777777778,0.0489284471184923,1.3104385675748629,False
UCD-0159400,Apoptosis,,,,,,False
UCD-0159393,GPCR & G Protein,0.4949897649555515,0.9297893110522064,0.8194444444444444,0.0125152625152625,1.9025600363686452,False
UCD-0159437,Cytoskeletal Signaling,0.4407808016429366,0.0157059238147773,0.3214285714285714,0.2258919163028752,0.6460993103274033,False
UCD-0159432,Angiogenesis,0.8501228265303685,1.0397265975499117,1.0,0.0027641070585855,2.5584451400053156,False
UCD-0159424,JAK/STAT,,,,,,False
UCD-0159416,Metabolism,0.6810796832403426,0.7002038240905832,1.0,0.0027641070585855,2.5584451400053156,False
UCD-0159411B,Neuronal Signaling,0.9967335355110148,0.6292671307161024,0.7241161616161615,0.0417582417582417,1.3792577957042835,False
UCD-0000243,Neuronal Signaling,0.9970142928908112,0.6145394792061216,0.7244075369075369,0.0417582417582417,1.3792577957042835,False
UCD-0000904,GPCR & G Protein,0.9904920142342092,0.7288913754488651,0.726010101010101,0.040347711989503,1.394181087918541,False
UCD-0159600,Epigenetics,0.4678388700751813,0.0562112992492739,0.4253968253968254,0.1781242013800153,0.7492770698026706,False
UCD-0159646,GPCR & G Protein,0.0385633518606271,0.5750645884224563,0.3491395042865631,0.2721140245892721,0.5652490743732337,False
UCD-0159652,Proteases,0.115872604394342,0.915992416407954,0.295607389686337,0.3234714003944773,0.490164111285638,False
UCD-0159265,Neuronal Signaling,0.8853473115604323,0.0386010824956878,1.0,0.0027641070585855,2.5584451400053156,False
UCD-0001800,Others,0.9517017762986468,0.0046322335537137,0.1833333333333333,0.3234714003944773,0.490164111285638,False
UCD-0001613,Endocrinology & Hormones,0.1947303610275635,1.0273629429831357,0.285607884833891,0.3504273504273504,0.4554020050264261,False
UCD-0159290,PI3K/Akt/mTOR,0.9991458343659912,0.0306905370843989,,,,False
UCD-0159293,Others,0.3610649911292491,0.9590957205468892,1.0,0.0027641070585855,2.5584451400053156,False
UCD-0001808,MAPK,0.7956648483544341,0.2072540970670695,1.0,0.0027641070585855,2.5584451400053156,False
UCD-0001801,Endocrinology & Hormones,0.8830069306838656,0.3357721240102641,1.0,0.0027641070585855,2.5584451400053156,False
UCD-0159271,Others,0.7172584984497103,0.5943158698420958,1.0,0.0027641070585855,2.5584451400053156,False
UCD-0018516,Neuronal Signaling,0.090999361179682,1.000860698016794,1.0,0.0027641070585855,2.5584451400053156,False
UCD-0001835,Others,0.9008196497038196,0.0117295100474147,1.0,0.0027641070585855,2.5584451400053156,False
UCD-0159280,Others,0.1611929892541435,0.9535795809876662,0.3096639471639471,0.3068490262734867,0.513075250528078,False
UCD-0159286,Others,0.9861928124716628,0.0051150895140664,,,,False
UCD-0018131,Angiogenesis,0.3514311302432795,0.7608150825311834,1.0,0.0027641070585855,2.5584451400053156,False
UCD-0001024,Neuronal Signaling,0.1995517749134645,0.9476849321651464,0.2406740007068954,0.4597028253913129,0.3375228270130456,False
UCD-0001829,PI3K/Akt/mTOR,0.4446428774280667,0.8684117610854121,0.9791666666666666,0.0027641070585855,2.5584451400053156,False
UCD-0159275,Others,0.5208513752450697,0.6847856478180632,1.0,0.0027641070585855,2.5584451400053156,False
UCD-0159270,Others,0.1555441040254247,0.935323155927072,0.2976298920377868,0.3213634706525701,0.4930034909691886,False
UCD-0001844,Others,0.341665444027787,0.3605897116520831,1.0,0.0027641070585855,2.5584451400053156,False
UCD-0018207,Neuronal Signaling,0.959112466107337,0.4230132217800714,1.0,0.0027641070585855,2.5584451400053156,False
UCD-0001804,MAPK,0.8000518372851414,0.800418522048852,1.0,0.0027641070585855,2.5584451400053156,False
UCD-0001016,Neuronal Signaling,0.3204658166472228,1.0041043837859105,1.0,0.0027641070585855,2.5584451400053156,False
UCD-0018179,MAPK,0.7722817436817935,1.081069868920455,1.0,0.0027641070585855,2.5584451400053156,False
UCD-0159289,Metabolism,0.3421496761178707,0.9714444535077336,0.2956114243943191,0.3234714003944773,0.490164111285638,False
UCD-0159285,DNA Damage,0.6973106943109262,0.9640980612252382,1.0,0.0027641070585855,2.5584451400053156,False
UCD-0001792,Others,,,,,,False
UCD-0159274,Others,0.7415506977102388,1.140760246495704,1.0,0.0027641070585855,2.5584451400053156,False
UCD-0001775,Others,0.2239777455485181,1.0428789048374103,0.2953203809434459,0.3234714003944773,0.490164111285638,False
UCD-0159264,Neuronal Signaling,0.7590078453665071,0.0064749589887098,0.1833333333333333,0.3234714003944773,0.490164111285638,False
UCD-0159261,Others,0.9620510413323956,0.7556821479444478,1.0,0.0027641070585855,2.5584451400053156,False
UCD-0159258,Angiogenesis,0.7088779000536966,0.786427221686658,1.0,0.0027641070585855,2.5584451400053156,False
UCD-0001014,Neuronal Signaling,0.2251117892251856,1.048722362762307,0.2461624460850467,0.4474775224775225,0.3492287751171237,False
UCD-0000721,Neuronal Signaling,0.9791875134002924,0.0473318537103155,0.75,0.1060116354234001,0.9746464656516696,False
UCD-0159259,PI3K/Akt/mTOR,0.3668101178577665,0.728007989182217,1.0,0.0027641070585855,2.5584451400053156,False
UCD-0001842,Neuronal Signaling,0.516152659583598,0.5822112101888113,1.0,0.0027641070585855,2.5584451400053156,False
UCD-0159266,Others,0.323264062213351,0.8993487083763417,1.0,0.0027641070585855,2.5584451400053156,False
UCD-0159260,Epigenetics,,,,,,False
UCD-0001580,Transmembrane Transporters,0.999788669470584,0.0055401662049861,,,,False
UCD-0000295,Metabolism,0.3147878845667231,0.4653199577519383,0.570085572107631,0.0780735509977387,1.1074960672902194,False
UCD-0000533,GPCR & G Protein,0.482389611052921,1.1191541703199115,1.0,0.0027641070585855,2.5584451400053156,False
UCD-0001759,Angiogenesis,0.7154126099122802,0.2516673969279632,1.0,0.0027641070585855,2.5584451400053156,False
UCD-0001822,MAPK,0.8302009226338327,0.947657588738276,1.0,0.0027641070585855,2.5584451400053156,False
UCD-0018083,JAK/STAT,0.5148235466336772,1.0500878255776307,1.0,0.0027641070585855,2.5584451400053156,False
UCD-0159295,Microbiology,0.2902485232461362,1.0432415634104195,1.0,0.0027641070585855,2.5584451400053156,False
UCD-0001101,Neuronal Signaling,0.2984836293322831,0.2736417135037377,1.0,0.0027641070585855,2.5584451400053156,False
UCD-0000786,GPCR & G Protein,0.2020556721022602,0.995043021809751,0.9458333333333332,0.0027641070585855,2.5584451400053156,False
UCD-0001086,Endocrinology & Hormones,0.1734139278810905,1.1885941773302804,1.0,0.0027641070585855,2.5584451400053156,False
UCD-0001733,Protein Tyrosine Kinase,0.5173475068591279,0.990318946518031,1.0,0.0027641070585855,2.5584451400053156,False
UCD-0159278,Others,0.1761620163358435,0.964671010458066,1.0,0.0027641070585855,2.5584451400053156,False
UCD-0159272,Others,,,,,,False
UCD-0001850,Others,0.8458110514102297,1.0694063830468212,1.0,0.0027641070585855,2.5584451400053156,False
UCD-0159294,Cell Cycle,0.3171704895641372,0.7484801534287425,1.0,0.0027641070585855,2.5584451400053156,False
UCD-0159276,Others,0.8834500967818433,0.0550847457627118,,,,False
UCD-0159292,DNA Damage,0.5814132865140365,0.3537196850944343,1.0,0.0027641070585855,2.5584451400053156,False
UCD-0018089,Endocrinology & Hormones,0.2137083198706506,0.972823760375222,1.0,0.0027641070585855,2.5584451400053156,False
UCD-0159288,Metabolism,0.2480790089975495,1.1224870284973625,1.0,0.0027641070585855,2.5584451400053156,False
UCD-0159282,Others,0.9801621331989386,0.2329727748501487,1.0,0.0027641070585855,2.5584451400053156,False
UCD-0159277,Others,0.99999999998504,0.0042372881355932,,,,False
UCD-0001802,Others,0.39345760062185,0.7496995075412987,1.0,0.0027641070585855,2.5584451400053156,False
UCD-0159267,Others,,,,,,False
UCD-0001816,Metabolism,0.5713430899206853,0.9855266216601092,1.0,0.0027641070585855,2.5584451400053156,False
UCD-0017947,Apoptosis,0.3739264964894275,1.1024100245181483,1.0,0.0027641070585855,2.5584451400053156,False
UCD-0000421,Neuronal Signaling,0.5002855172567953,1.0650109682244255,0.7895833333333333,0.0216841981547863,1.663856632698532,False
UCD-0159291,GPCR & G Protein,0.7018622877690617,0.5625594695961273,0.9791666666666666,0.0027641070585855,2.5584451400053156,False
UCD-0000849,Endocrinology & Hormones,0.8026851952139509,0.8043918259305797,1.0,0.0027641070585855,2.5584451400053156,False
UCD-0159287,Endocrinology & Hormones,0.8622146451038913,0.8369244193543168,1.0,0.0027641070585855,2.5584451400053156,False
UCD-0159281,Others,,,,,,False
UCD-0017999,Endocrinology & Hormones,0.1081541169288452,0.9744235545839768,0.6715277777777777,0.0496199835406883,1.3043433841224432,False
UCD-0159284,Stem Cells & Wnt,0.6568851913656727,0.6787086602168512,0.9458333333333332,0.0027641070585855,2.5584451400053156,False
UCD-0017907,Others,,,,,,False
UCD-0159305,Transmembrane Transporters,,,,,,False
UCD-0018483,Microbiology,0.246712396824714,1.0456860834675288,1.0,0.0027641070585855,2.5584451400053156,False
UCD-0018240,PI3K/Akt/mTOR,0.0475917753385771,1.0849625469683453,0.3902046783625731,0.2493902963876854,0.6031204486412295,False
UCD-0159313,Protein Tyrosine Kinase,0.6827815038255973,0.8429492317079293,1.0,0.0027641070585855,2.5584451400053156,False
UCD-0013217,Epigenetics,0.5375321202509717,1.0650110310444834,1.0,0.0027641070585855,2.5584451400053156,False
UCD-0001790,Cell Cycle,0.600428152538604,0.4586666666666666,,,,False
UCD-0159300,GPCR & G Protein,0.1913400670478902,0.9561959482682052,1.0,0.0027641070585855,2.5584451400053156,False
UCD-0159329,JAK/STAT,0.6211807492889702,0.009685230024213,,,,False
UCD-0159323,Stem Cells & Wnt,0.7804986612355564,0.2214342404547578,1.0,0.0027641070585855,2.5584451400053156,False
UCD-0018550,Neuronal Signaling,0.0703525892950604,1.1030051283833622,1.0,0.0027641070585855,2.5584451400053156,False
UCD-0001435,Others,0.0327178022537734,0.9181872419878664,0.5938341750841751,0.0677517970751053,1.1690791809044627,False
UCD-0018439,Microbiology,0.412826334651422,0.9027150213747004,1.0,0.0027641070585855,2.5584451400053156,False
UCD-0000490,Neuronal Signaling,0.3493816639839271,0.9975486424072508,0.8013888888888889,0.0194832194832194,1.7103392770124284,False
UCD-0001843,DNA Damage,0.3039498642037249,1.035884211684836,1.0,0.0027641070585855,2.5584451400053156,False
UCD-0159309,Angiogenesis,0.3205160675180151,0.8933921494800174,0.9333333333333332,0.0027641070585855,2.5584451400053156,False
UCD-0159299,Metabolism,0.099855744011836,0.6425980803318002,0.4871658312447786,0.1427206334038632,0.8455132355352715,False
UCD-0159320,Metabolism,0.0510223226695849,0.9864005390981304,1.0,0.0027641070585855,2.5584451400053156,False
UCD-0001784,Cell Cycle,0.9927723507860328,0.0053333333333333,,,,False
UCD-0159322,Endocrinology & Hormones,0.4840208081331043,0.8755103648952891,1.0,0.0027641070585855,2.5584451400053156,False
UCD-0001441,Neuronal Signaling,0.1169845113350006,0.9017644013732328,1.0,0.0027641070585855,2.5584451400053156,False
UCD-0018311,Neuronal Signaling,0.1431301664038993,0.9255567443261468,0.6343344155844156,0.0525641025641025,1.279310745970745,False
UCD-0001305,Neuronal Signaling,0.2480633002842016,0.7220468042216481,1.0,0.0027641070585855,2.5584451400053156,False
UCD-0001162,Endocrinology & Hormones,0.0665743773763126,0.8958837772397095,,,,False
UCD-0018012,Apoptosis,0.6257003314787246,0.8347584369243601,1.0,0.0027641070585855,2.5584451400053156,False
UCD-0159308,Protein Tyrosine Kinase,0.6896773445900586,0.0769393939393939,1.0,0.0027641070585855,2.5584451400053156,False
UCD-0159304,Cell Cycle,0.8505142682539163,0.7554993975694243,1.0,0.0027641070585855,2.5584451400053156,False
UCD-0159298,Cytoskeletal Signaling,,,,,,False
UCD-0159328,Proteases,0.9999966473643804,0.0048426150121065,,,,False
UCD-0018569,Endocrinology & Hormones,,,,,,False
UCD-0000730,Metabolism,0.9841768858708694,0.3896266880606756,1.0,0.0027641070585855,2.5584451400053156,False
UCD-0159319,Neuronal Signaling,0.8377864176403528,0.715468268127947,1.0,0.0027641070585855,2.5584451400053156,False
UCD-0000101,Endocrinology & Hormones,0.2837468661937914,0.4123131306695089,0.9047619047619048,0.010298273155416,1.98723559295969,False
UCD-0159324,Angiogenesis,0.0601550651708414,0.9253509080868582,1.0,0.0027641070585855,2.5584451400053156,False
UCD-0159273,Others,0.2880922397761926,1.0149888749370464,0.4638220439691028,0.1725788831051989,0.7630123460017288,False
UCD-0000324,Metabolism,0.4134672480844652,0.895286955833343,0.8138888888888889,0.0125152625152625,1.9025600363686452,False
UCD-0159269,Others,0.1596844488745538,1.0257420741430665,1.0,0.0027641070585855,2.5584451400053156,False
UCD-0159263,Others,0.6125148063987246,0.9235422988178056,1.0,0.0027641070585855,2.5584451400053156,False
UCD-0001810,DNA Damage,0.6762340910193436,0.4196401414179164,1.0,0.0027641070585855,2.5584451400053156,False
UCD-0159257,DNA Damage,0.2816213596798692,1.012341194607443,0.8506944444444444,0.010298273155416,1.98723559295969,False
UCD-0000450,Neuronal Signaling,0.2643448879688498,1.0556281163194747,0.3403505700525824,0.2782805429864253,0.5555171579096939,False
UCD-0018091,GPCR & G Protein,,,,,,False
UCD-0001040,Endocrinology & Hormones,0.1233737160832696,0.8715318565357679,0.7141955266955267,0.0448414145096609,1.3483206961651315,False
UCD-0159283,Endocrinology & Hormones,0.1408612464842747,0.9223546902877104,1.0,0.0027641070585855,2.5584451400053156,False
UCD-0159279,Others,0.955978742561846,0.0744218129964143,1.0,0.0027641070585855,2.5584451400053156,False
UCD-0001783,Others,,,,,,False
UCD-0001915,Others,0.9822994620532044,0.0732137516247519,1.0,0.0027641070585855,2.5584451400053156,False
UCD-0159262,Others,0.9210143194395556,0.0470000052042762,1.0,0.0027641070585855,2.5584451400053156,False
UCD-0001766,Angiogenesis,0.9602947371687784,0.1300196704150546,1.0,0.0027641070585855,2.5584451400053156,False
UCD-0159256,Apoptosis,0.1990807719005992,1.0374301115958562,1.0,0.0027641070585855,2.5584451400053156,False
UCD-0000576,Neuronal Signaling,0.2820384295989524,0.8448805449679669,0.4788558405818467,0.148334742180896,0.8287571188950228,False
UCD-0001869,Protein Tyrosine Kinase,0.5475214936670724,1.1626191306463385,1.0,0.0027641070585855,2.5584451400053156,False
UCD-0159315,PI3K/Akt/mTOR,0.9376993035376228,0.7053375851029732,1.0,0.0027641070585855,2.5584451400053156,False
UCD-0159311,GPCR & G Protein,0.3522832318962169,0.8189625546918142,1.0,0.0027641070585855,2.5584451400053156,False
UCD-0159306,Cell Cycle,0.31495478551464,0.6372277670292835,1.0,0.0027641070585855,2.5584451400053156,False
UCD-0159301,Cell Cycle,0.8475448706407331,0.8576703720008805,1.0,0.0027641070585855,2.5584451400053156,False
UCD-0159330,Protein Tyrosine Kinase,0.0445911706059698,0.91881646141548,1.0,0.0027641070585855,2.5584451400053156,False
UCD-0159325,PI3K/Akt/mTOR,0.3997986029102429,0.0079374373272678,1.0,0.0027641070585855,2.5584451400053156,False
UCD-0159321,Neuronal Signaling,0.0571773684622088,0.8780641839575827,1.0,0.0027641070585855,2.5584451400053156,False
UCD-0000469,Neuronal Signaling,0.1322445233541976,0.7709321937354944,0.9666666666666668,0.0027641070585855,2.5584451400053156,False
UCD-0018527,Microbiology,0.3193425511785571,0.9191603179752156,0.5176587301587301,0.1090038993264799,0.9625579660439308,False
UCD-0000083,Neuronal Signaling,0.1143898861207962,0.5328925626856046,1.0,0.0027641070585855,2.5584451400053156,False
UCD-0159314,PI3K/Akt/mTOR,0.0426860341417827,0.297030303030303,1.0,0.0027641070585855,2.5584451400053156,False
UCD-0159310,GPCR & G Protein,0.036673014600247,1.0082525960509905,1.0,0.0027641070585855,2.5584451400053156,False
UCD-0018051,Metabolism,0.1135627561335531,0.9064730489552076,0.6001984126984127,0.0677517970751053,1.1690791809044627,False
UCD-0001818,MAPK,0.7247991819526381,0.9613096956567072,1.0,0.0027641070585855,2.5584451400053156,False
UCD-0159317,Angiogenesis,0.3689340441278899,0.8240821761353613,1.0,0.0027641070585855,2.5584451400053156,False
UCD-0018304,Endocrinology & Hormones,0.2317868777738025,0.899742950766353,0.4813291910331383,0.1464634436770659,0.834270758862523,False
UCD-0000872,Metabolism,0.9998329973107044,0.0444405736992712,1.0,0.0027641070585855,2.5584451400053156,False
UCD-0159627,Metabolism,0.4034059482776486,1.0198715094152355,0.4624458874458875,0.1661318032999449,0.7795472207963838,False
UCD-0159642,Proteases,0.2685070746572331,0.616151348042983,0.2005529193029193,0.6131084950684059,0.212462666362127,False
UCD-0159648,GPCR & G Protein,0.1440825910414699,0.8752303622233913,0.4537906537906538,0.1835571835571835,0.7362286146021204,False
UCD-0159656,GPCR & G Protein,,,,,,False
UCD-0159604,Autophagy,0.0568460987754614,0.4451532111227929,0.4873737373737373,0.1661318032999449,0.7795472207963838,False
UCD-0159611,Others,0.2535964338700853,0.6815463435552156,0.3585137085137085,0.2646978021978021,0.5772496646575843,False
UCD-0159619,GPCR & G Protein,0.1135792312607198,0.5567567567567567,1.0,0.0027641070585855,2.5584451400053156,False
UCD-0159635,MAPK,0.144893831877079,0.1089743589743589,,,,False
UCD-0159327,DNA Damage,0.268773373212108,0.8012825600599962,1.0,0.0027641070585855,2.5584451400053156,False
UCD-0159643,Metabolism,0.2060561659961003,1.131320055797242,0.2914890664890665,0.3352926143623818,0.4745760128610387,False
UCD-0159649,Angiogenesis,0.0512070804207494,1.0020751496353524,0.3489024864024864,0.2721140245892721,0.5652490743732337,False
UCD-0159657,Others,0.1460334579277885,1.1669060561487683,0.3190656565656565,0.2938365981844243,0.5318941125632697,False
TGFRi,,,,,,,False
UCD-0159253,Epigenetics,0.914026139164668,1.1341356509184188,0.1840557114454173,0.6763236763236763,0.1698454087941743,False
UCD-0159596,Cytoskeletal Signaling,0.921113942075839,0.0823214305409881,0.393995574142633,0.2466165413533834,0.6079777972554067,False
UCD-0159634,Cytoskeletal Signaling,0.0539543937049463,0.0209286209286209,1.0,0.0027641070585855,2.5584451400053156,False
UCD-0159626,Neuronal Signaling,0.1291394709828155,0.6281439965850613,0.4873737373737373,0.1661318032999449,0.7795472207963838,False
UCD-0159618,MAPK,0.2014347828924801,1.0317699158161768,0.3837569837569837,0.2522159774068171,0.5982274051545786,False
UCD-0159610,Transmembrane Transporters,0.456898440531938,1.1964238002260816,0.2626984126984127,0.3050708327816761,0.515599312408371,False
UCD-0159603,GPCR & G Protein,0.153589175284165,0.900569903041386,0.3361319236319236,0.2839228897623058,0.5467995933961755,False
UCD-0159663,Protein Tyrosine Kinase,0.4177476464050575,0.9621217773784314,0.4537906537906538,0.1835571835571835,0.7362286146021204,False
UCD-0159655,Epigenetics,0.2090503671003534,0.7598678282455216,0.4537906537906538,0.1835571835571835,0.7362286146021204,False
UCD-0001953,Epigenetics,0.162735934151441,0.8247840411338511,0.4873737373737373,0.1661318032999449,0.7795472207963838,False
UCD-0159641,JAK/STAT,0.0948923491237888,0.7445713847805102,0.4537906537906538,0.1835571835571835,0.7362286146021204,False
UCD-0159633,Apoptosis,0.3371135336642905,1.0212999925927682,0.2786761849261849,0.3645825438928887,0.4382041290778644,False
UCD-0159625,Endocrinology & Hormones,0.5323658357346064,1.2085953751352991,0.3881907308377896,0.251605537319823,0.5992798051942534,False
UCD-0159617,Endocrinology & Hormones,0.6766962732593373,1.0295898999321054,0.1982804232804232,0.4258618094234532,0.3707313049845587,False
UCD-0159609,Others,0.3069083404545151,0.3607658184654382,0.15,0.3612700663391908,0.4421680211672878,False
UCD-0159602,Angiogenesis,0.9612790397537416,0.8345010446246188,0.4572089947089947,0.17969891380296,0.7454545479928982,False
UCD-0159662,GPCR & G Protein,2.7112438056065762e-09,0.0246913580246913,,,,False
UCD-0159654,Epigenetics,0.7766656937919629,0.9296801420217136,0.4663267288267288,0.1661318032999449,0.7795472207963838,False
UCD-0001952,Epigenetics,0.6888062764832923,0.9160866152786304,0.2616174334924335,0.4216150821655409,0.3750838617800641,False
UCD-0159528,Transmembrane Transporters,0.947090376914064,0.8892650864321507,0.3073202819139351,0.3075349471530855,0.5121055254386104,False
UCD-0159536,JAK/STAT,,,,,,False
UCD-0159544,Angiogenesis,0.999877286979439,0.6045207956600362,0.6,0.1060116354234001,0.9746464656516696,False
UCD-0159599,MAPK,,,,,,False
UCD-0159638,Apoptosis,,,,,,False
UCD-0159630,Transmembrane Transporters,0.0992112751168253,1.033951930404695,0.6380050505050504,0.0525641025641025,1.279310745970745,False
UCD-0159622,JAK/STAT,0.0918539806321588,1.0345785917281651,0.4266624579124579,0.2326206402293359,0.6333517533220467,False
UCD-0159614,Metabolism,0.1702133674787508,0.9285342761133396,0.3798611111111111,0.2522159774068171,0.5982274051545786,False
UCD-0159607,Metabolism,0.3708866722436712,0.225135623869801,1.0,0.0027641070585855,2.5584451400053156,False
UCD-0159666,Cytoskeletal Signaling,,,,,,False
UCD-0159659,Metabolism,0.7012046860291676,1.0799292035258792,0.6066405816405815,0.0677517970751053,1.1690791809044627,False
UCD-0159651,Angiogenesis,0.3165223192298968,1.255182351013325,0.7118055555555555,0.0448414145096609,1.3483206961651315,False
UCD-0159645,Transmembrane Transporters,,,,,,False
UCD-0159637,Others,0.1568312491177824,0.9873940508272412,0.5056547619047619,0.1208097895795056,0.9178978721048168,False
UCD-0159629,Angiogenesis,0.2732551102550593,0.2570747760348197,0.2338781588781589,0.4869983948635634,0.3124724702084579,False
UCD-0159621,PI3K/Akt/mTOR,,,,,,False
UCD-0159613,PI3K/Akt/mTOR,0.1589878463410923,0.1199367088607595,0.75,0.1060116354234001,0.9746464656516696,False
UCD-0159606,Autophagy,0.0992996790675613,0.3433110081571278,0.3400144993894994,0.2782805429864253,0.5555171579096939,False
UCD-0159658,Autophagy,0.2244235800955164,1.0086472395441335,0.4377667471417472,0.2190516665654787,0.659453438320374,False
UCD-0159551,Epigenetics,0.9419331756231332,0.0179828489004693,0.330718954248366,0.2483343428225317,0.6049632165430582,False
UCD-0159650,MAPK,0.1699758693054776,0.910522792005584,0.3548890923890924,0.2646978021978021,0.5772496646575843,False
UCD-0159644,Transmembrane Transporters,0.105230222184022,0.5510250988412513,0.3936507936507936,0.1947289998137455,0.7105693668095472,False
UCD-0159636,Protein Tyrosine Kinase,0.232977738838271,1.1838134178475708,0.5817185007974481,0.0731519403106119,1.1357741499895764,False
UCD-0159628,GPCR & G Protein,0.4132531088954716,1.0708023762341916,0.2193149443149443,0.5382402832067262,0.2690238017047381,False
UCD-0159620,DNA Damage,0.510431410609915,0.9232259980283396,0.2555217658158835,0.4279706625948083,0.368586000869722,False
UCD-0159612,Cell Cycle,0.5544477859876256,0.4581269738269172,0.4572272498743087,0.17969891380296,0.7454545479928982,False
UCD-0159605,PI3K/Akt/mTOR,0.2255197609306882,0.1375138416267546,0.3364316239316239,0.2404549628269304,0.6189662549548729,False
UCD-0159598,Endocrinology & Hormones,1.0449620458708487e-09,0.009090909090909,,,,False
UCD-0159597,Epigenetics,0.7525995145270943,0.2703435804701627,0.75,0.1060116354234001,0.9746464656516696,False
UCD-0159590,Others,0.5651263807799242,0.260243679158226,0.2184515715765715,0.5390502354788068,0.2683707599067321,False
UCD-0159583,MAPK,,,,,,False
UCD-0159575,Autophagy,0.8164099713709727,0.8719276446851567,0.312055292202351,0.3065035925612848,0.5135644307038106,False
UCD-0159567,Others,0.6225934574383981,0.8462244265824361,0.7930555555555555,0.0194832194832194,1.7103392770124284,False
UCD-0159559,DNA Damage,0.858424681915235,0.9076829497594248,0.7483796296296297,0.040347711989503,1.394181087918541,False
UCD-0159640,Epigenetics,0.7018769584007278,0.9079758660873996,0.3754176379176379,0.2522159774068171,0.5982274051545786,False
UCD-0159632,Angiogenesis,0.1437116572746767,0.7014234181534561,0.1454545454545454,0.3612700663391908,0.4421680211672878,False
UCD-0159582,Neuronal Signaling,0.3275492505862847,0.7437508296276631,0.4171717171717172,0.2415814748254426,0.6169363717460645,False
UCD-0159577,Cell Cycle,,,,,,False
UCD-0159532,PI3K/Akt/mTOR,,,,,,False
UCD-0159525,Others,,,,,,False
UCD-0159593,Epigenetics,0.4814178843484942,0.8742250545602192,0.5916666666666667,0.0677517970751053,1.1690791809044627,False
UCD-0159586,Angiogenesis,0.6440841114277751,0.8714315274128501,0.6340277777777777,0.0525641025641025,1.279310745970745,False
UCD-0159578,PI3K/Akt/mTOR,0.3327444649742764,0.5364151398264224,0.4166666666666666,0.1660635437070482,0.7797256987023287,False
UCD-0159570,GPCR & G Protein,,,,,,False
UCD-0159562,Epigenetics,0.6982468600418825,1.1433509490940466,0.3331582633053221,0.2839228897623058,0.5467995933961755,False
UCD-0159554,Angiogenesis,0.5739261646175711,0.9880846922959798,0.5145833333333333,0.1126373626373626,0.9483175269293204,False
UCD-0159547,Apoptosis,0.7381057246358582,1.2310886618203398,0.3586968586968587,0.2646978021978021,0.5772496646575843,False
UCD-0159539,Proteases,0.7355994132672927,1.007543413927594,0.4312590187590187,0.2283438632212474,0.6414106556355311,False
UCD-0159531,Metabolism,0.991254519155711,0.0131147540983606,,,,False
UCD-0159524,Others,0.0048223464231861,0.6908337855617458,0.8263888888888888,0.0125152625152625,1.9025600363686452,False
UCD-0159592,Epigenetics,0.7051599039988315,0.609418193506911,0.4568783068783069,0.1661318032999449,0.7795472207963838,False
UCD-0159585,Protein Tyrosine Kinase,0.80273369849347,0.9636649436438808,0.7579365079365079,0.0303478904515174,1.5178714923022951,False
UCD-0159569,Protein Tyrosine Kinase,0.5246189090249783,1.1717262892413884,0.6018939393939394,0.0677517970751053,1.1690791809044627,False
UCD-0159548,Others,,,,,,False
UCD-0159312,Transmembrane Transporters,0.1355472270339246,0.8640771349976797,0.9583333333333331,0.0027641070585855,2.5584451400053156,False
UCD-0159307,GPCR & G Protein,0.8525731835595409,0.1744582561480026,1.0,0.0027641070585855,2.5584451400053156,False
UCD-0159303,Metabolism,0.1851024981582131,0.7315113797599911,1.0,0.0027641070585855,2.5584451400053156,False
UCD-0159297,Microbiology,0.2309483324326124,0.7861676972917644,0.9041666666666668,0.010298273155416,1.98723559295969,False
UCD-0001847,JAK/STAT,,,,,,False
UCD-0001463,Neuronal Signaling,0.4351066238162336,0.7189955538621151,1.0,0.0027641070585855,2.5584451400053156,False
UCD-0001616B,Others,0.15376819659936,0.9736137708740282,0.3809638278388277,0.2522159774068171,0.5982274051545786,False
UCD-0159318,Angiogenesis,,,,,,False
UCD-0000878,Transmembrane Transporters,0.2480704853036933,0.0525655880361612,1.0,0.0027641070585855,2.5584451400053156,False
UCD-0159316,Proteases,0.2798796091839089,0.6855231990781827,0.8347222222222223,0.010298273155416,1.98723559295969,False
UCD-0000757,Metabolism,0.8176070502298376,1.0632238935952585,1.0,0.0027641070585855,2.5584451400053156,False
UCD-0001793,Cell Cycle,,,,,,False
UCD-0159302,PI3K/Akt/mTOR,0.3711578777544492,0.8433704409269425,1.0,0.0027641070585855,2.5584451400053156,False
UCD-0159296,Metabolism,0.1761859570296725,0.9130973986423508,1.0,0.0027641070585855,2.5584451400053156,False
UCD-0159540,Others,0.5116088769462863,0.9718298462943948,0.4937499999999999,0.1291294375406524,0.888974740660675,False
UCD-0159555,Cytoskeletal Signaling,0.3892127584052083,1.4174268414806024,0.2281084656084656,0.5121716848174247,0.290584434980164,False
UCD-0159574,Epigenetics,0.1994620839601825,0.4774782442345757,0.5393065268065268,0.0997861199203481,1.0009298641357447,False
UCD-0159534,Others,,,,,,False
UCD-0159566,DNA Damage,0.3156011139872329,0.8843025011159306,0.5157407407407407,0.1624708624708624,0.7892245140867148,False
UCD-0159558,Cytoskeletal Signaling,0.2931221363729607,0.7127826590249825,0.4407675657675657,0.2189821351832525,0.6595913139626328,False
UCD-0159550,MAPK,,,,,,False
UCD-0159543,MAPK,0.2182752618470558,0.2353222517851635,0.7124999999999999,0.0448414145096609,1.3483206961651315,False
UCD-0159535,Others,0.4393382798913854,1.162672611355553,0.3881521256521256,0.251605537319823,0.5992798051942534,False
UCD-0159665,Others,0.2980729517818694,1.1388087132377342,0.3314493240963829,0.2839228897623058,0.5467995933961755,False
UCD-0001944,Epigenetics,0.3009691412781178,1.295033263189128,0.5536706349206348,0.0951865036372078,1.021424625264752,False
UCD-0159589,DNA Damage,0.3868431519171154,1.223203026481715,0.3854014041514041,0.2522159774068171,0.5982274051545786,False
UCD-0159581,PI3K/Akt/mTOR,0.3799679235292644,0.6419743039911923,0.5484217171717172,0.0997861199203481,1.0009298641357447,False
UCD-0159573,Protein Tyrosine Kinase,0.4102339593136315,0.6026649836612152,0.5343253968253968,0.0997861199203481,1.0009298641357447,False
UCD-0159565,TGF-beta/Smad,0.2688747630940155,0.3484209501481617,0.5525462962962963,0.0997861199203481,1.0009298641357447,False
UCD-0159557,Others,0.2111361949328384,0.6260351313154185,0.3223443223443223,0.2869116355799164,0.5422518387680013,False
UCD-0159549,JAK/STAT,0.1535449459438801,0.4605047454702329,0.5507996632996632,0.0997861199203481,1.0009298641357447,False
UCD-0159542,MAPK,0.2592283526243589,0.9888380430157064,0.422008547008547,0.2386694386694386,0.622203188311877,False
UCD-0159527,DNA Damage,0.3255326054626771,1.2293658667754617,0.4167896917896917,0.2415814748254426,0.6169363717460645,False
UCD-0159563,Angiogenesis,0.3739905048709407,0.7347193808830361,0.5505050505050505,0.0997861199203481,1.0009298641357447,False
UCD-0159595,Endocrinology & Hormones,,,,,,False
UCD-0159588,MAPK,0.378753620813939,1.3493501575316529,0.6813519813519813,0.0489284471184923,1.3104385675748629,False
UCD-0159580,NF-κB,0.1942291422734434,0.2032786885245901,,,,False
UCD-0159572,Epigenetics,0.2689953569021948,0.7949279980791679,0.3796717171717171,0.2522159774068171,0.5982274051545786,False
UCD-0159564,Epigenetics,,,,,,False
UCD-0159556,GPCR & G Protein,0.3570918537801786,1.0093372153401083,0.4657828282828283,0.1722689075630251,0.7637931003367765,False
UCD-0159514B,Others,0.0269970993515279,1.0716499146947556,0.5055555555555555,0.1208097895795056,0.9178978721048168,False
UCD-0159541,Protein Tyrosine Kinase,,,,,,False
UCD-0159533,Cytoskeletal Signaling,0.4696336299649678,0.7913543281187169,0.6333333333333333,0.0525641025641025,1.279310745970745,False
UCD-0159526,DNA Damage,0.3484107665099829,0.5638621022179363,0.2291666666666666,0.2758920092253425,0.5592608779898103,False
UCD-0159594,Others,0.508033467845327,0.3656253782126111,0.4777777777777777,0.1520258882222072,0.8180824505110721,False
UCD-0159587,Angiogenesis,,,,,,False
UCD-0159579,PI3K/Akt/mTOR,0.1945536138259236,0.7697680507458841,0.4996212121212121,0.128125,0.8923661216001706,False
UCD-0159571,Others,0.3731877215083233,1.107506812707163,0.5249999999999999,0.10713390843684,0.9700730509580888,False
UCD-0159561,JAK/STAT,0.1156010178818088,0.9554880231640706,0.6805555555555555,0.0489284471184923,1.3104385675748629,False
