Pathway,Metadata_treatment,mean_score,median_score,score_std,n_scored_cells,n_score_plates,mean_cell_count,median_cell_count,mean_relative_cell_count,median_relative_cell_count,viability_std,n_treatment_wells,n_viability_plates
Angiogenesis,UCD-0001759,0.7154126099122802,0.8307579352815706,0.3092552689559335,198,4,49.5,54.5,0.25166739692796325,0.28355577940065474,0.076023125257957,4,4
Angiogenesis,UCD-0001766,0.9602947371687784,0.999244621058888,0.10955179249533108,111,4,27.75,25.5,0.13001967041505463,0.11258322879475055,0.06597703609966805,4,4
Angiogenesis,UCD-0001856,0.3079330289733557,0.19758195454101393,0.3097849592069099,990,4,247.5,244.0,1.2332661745509819,1.277972027972028,0.24593212593490793,4,4
Angiogenesis,UCD-0001861,0.3994782126343048,0.33595507894945115,0.33327284977980565,439,4,109.75,111.0,0.535007226099393,0.5178540305010894,0.07147297000264194,4,4
Angiogenesis,UCD-0001863,0.9838102318424772,0.9997371438330593,0.0677100257809675,636,4,159.0,191.5,0.8028991346331802,1.0247230944411856,0.4870891266994304,4,4
Angiogenesis,UCD-0001864,0.10578105670270746,0.10578105670270746,0.1495967652880162,2,1,2.0,2.0,0.010075566750629723,0.010075566750629723,,1,1
Angiogenesis,UCD-0001870,1.9258863219054208e-19,1.9258863219054208e-19,,1,1,1.0,1.0,0.004807692307692308,0.004807692307692308,,1,1
Angiogenesis,UCD-0018131,0.3514311302432795,0.283883608250358,0.3064735275346207,654,4,163.5,158.0,0.7608150825311834,0.7832242043488873,0.09129335620033861,4,4
Angiogenesis,UCD-0159258,0.7088779000536966,0.8168720267811016,0.28841099936381887,678,4,169.5,181.0,0.786427221686658,0.8221653961208144,0.1309939684164963,4,4
Angiogenesis,UCD-0159309,0.32051606751801515,0.11249350661476527,0.3800066882360125,748,4,187.0,178.0,0.8933921494800174,0.8617017543859649,0.163611943554298,4,4
Angiogenesis,UCD-0159317,0.36893404412788994,0.24563601650740507,0.346184022619783,654,4,163.5,152.5,0.8240821761353613,0.7665736672620367,0.20691858508686914,4,4
Angiogenesis,UCD-0159324,0.06015506517084141,8.873195722487688e-05,0.1701255546052569,772,4,193.0,192.5,0.9253509080868582,0.9192472707191708,0.14702164276637134,4,4
Angiogenesis,UCD-0159373,0.24686517310164766,0.10615108512297466,0.28886470881495185,257,4,64.25,59.5,0.331562771734781,0.28725141759543604,0.17353905005903442,4,4
Angiogenesis,UCD-0159392,0.9618056496327427,0.999064112672383,0.08729225923982929,220,2,110.0,110.0,0.5009260704437855,0.5009260704437855,0.05722043012629706,2,2
Angiogenesis,UCD-0159401,0.17652204836032276,0.09160565563108694,0.20662724865542162,638,3,212.66666666666666,243.0,0.9931039634801145,1.130232558139535,0.30738150732826414,3,3
Angiogenesis,UCD-0159420,0.015188009701189494,5.709009504320041e-05,0.06727391758889968,527,4,131.75,107.5,0.6222103376460448,0.5218551023920152,0.35873701214910253,4,4
Angiogenesis,UCD-0159432,0.8501228265303685,0.9612323035551458,0.22198702910955567,881,4,220.25,233.5,1.0397265975499117,1.0924285865987047,0.18569843026781704,4,4
Angiogenesis,UCD-0159434,0.7739503151986251,0.9224405905671382,0.2805382568354016,452,4,113.0,114.5,0.6365562476510445,0.6108452950558214,0.10619550725414974,4,4
Angiogenesis,UCD-0159460,0.4971101724767224,0.4854246067825251,0.34413600146163714,826,4,206.5,206.0,1.1696653152884449,1.1279850187265916,0.21456528956293536,4,4
Angiogenesis,UCD-0159461,0.013746554501021215,0.00245469840991945,0.030919832122435972,7,1,7.0,7.0,0.03349282296650718,0.03349282296650718,,1,1
Angiogenesis,UCD-0159544,0.999877286979439,0.9999996801609635,0.0006739810922892575,181,2,90.5,90.5,0.6045207956600362,0.6045207956600362,0.06700252320827318,2,2
Angiogenesis,UCD-0159554,0.5739261646175711,0.5780673657229214,0.2902897665056452,525,4,131.25,139.0,0.9880846922959798,0.9719382835101253,0.27846571415583576,4,4
Angiogenesis,UCD-0159563,0.37399050487094077,0.31394279937818215,0.2917164433942447,382,4,95.5,89.5,0.7347193808830361,0.7006991321118612,0.28109348237515436,4,4
Angiogenesis,UCD-0159586,0.6440841114277751,0.7092852715820189,0.28267059990673155,461,4,115.25,109.0,0.8714315274128501,0.7918032786885245,0.26526976729407364,4,4
Angiogenesis,UCD-0159602,0.9612790397537415,0.9950161744965573,0.0904878813542986,422,4,105.5,119.0,0.8345010446246188,0.815883190883191,0.26764816513198497,4,4
Angiogenesis,UCD-0159615,0.15033908289952183,0.04920330434378989,0.22333634017757836,126,1,126.0,126.0,1.1454545454545455,1.1454545454545455,,1,1
Angiogenesis,UCD-0159629,0.27325511025505933,0.2495764255340108,0.23163557601218235,152,4,38.0,45.5,0.2570747760348197,0.30730260155180283,0.11116360335541706,4,4
Angiogenesis,UCD-0159632,0.14371165727467677,0.0722557120215275,0.17512621103702397,214,2,107.0,107.0,0.7014234181534561,0.7014234181534561,0.7123461411719406,2,2
Angiogenesis,UCD-0159649,0.05120708042074944,0.014168773253366409,0.09612497988630829,500,4,125.0,138.0,1.0020751496353524,1.036070686070686,0.17440436178088103,4,4
Angiogenesis,UCD-0159651,0.3165223192298968,0.21570696390148453,0.3028503661623773,705,4,176.25,176.0,1.255182351013325,1.258523505248745,0.08727640640892949,4,4
Apoptosis,UCD-0017947,0.3739264964894275,0.2843559174260788,0.33683667412330576,890,4,222.5,226.5,1.1024100245181483,1.0913145730273295,0.08904662072200946,4,4
Apoptosis,UCD-0018012,0.6257003314787246,0.7311228371225216,0.3564516605527216,702,4,175.5,173.0,0.8347584369243601,0.8205789473684211,0.12814239576969902,4,4
Apoptosis,UCD-0159256,0.19908077190059922,0.06375032677268425,0.26709706445781395,893,4,223.25,229.5,1.0374301115958562,1.035839042748239,0.1517534632122502,4,4
Apoptosis,UCD-0159332,0.707096083296747,0.8336446179931314,0.31614306998152175,677,4,169.25,166.5,0.8280850804786614,0.8112622584023612,0.1608019790214929,4,4
Apoptosis,UCD-0159357,0.8905682263066627,0.9962931991174285,0.177296851477987,10,3,3.3333333333333335,4.0,0.016165278641209885,0.018518518518518517,0.005937596322607866,3,3
Apoptosis,UCD-0159371,0.830916340110495,0.9978355085153778,0.2517047645561931,470,4,117.5,112.0,0.5687393301430047,0.5475638740344623,0.15417001922214116,4,4
Apoptosis,UCD-0159399,0.8834793005955134,0.9866777470472686,0.191297565976823,108,3,36.0,45.0,0.16461860707431156,0.20134228187919462,0.12304086391394513,3,3
Apoptosis,UCD-0159412,3.261739866158687e-07,3.261739866158687e-07,3.0707429015658696e-07,2,2,1.0,1.0,0.004847207586933614,0.004847207586933614,0.00039739053385966894,2,2
Apoptosis,UCD-0159421,0.9957429034524001,0.9999601561379322,0.024686541949903953,382,4,95.5,99.0,0.5390400032501812,0.5074704944178628,0.1057450698441131,4,4
Apoptosis,UCD-0159422,0.40747676623267465,0.34449181991043676,0.32838995542684074,720,4,180.0,178.0,0.9060277510609194,0.8535764811428177,0.1208027424914399,4,4
Apoptosis,UCD-0159425,0.3701285121049578,0.4054618510026914,0.25132427038566213,90,3,30.0,26.0,0.1359792107724057,0.12093023255813953,0.13898788204964657,3,3
Apoptosis,UCD-0159428,0.14371244013863618,0.026216580874081703,0.23008852110771366,615,4,153.75,156.0,0.7218280448111476,0.7469798657718121,0.07932424757617157,4,4
Apoptosis,UCD-0159456,0.8001577500686391,0.9907747868015653,0.3062826425248639,608,4,152.0,153.5,0.9733710602453283,0.945818901533894,0.2523598565608382,4,4
Apoptosis,UCD-0159468,0.7254765055040252,0.9277802438359309,0.35097648682362953,281,3,93.66666666666667,129.0,0.4724457844486683,0.688,0.4035869304381908,3,3
Apoptosis,UCD-0159495,0.7851964936049428,0.9706471547925152,0.3030560018007833,397,4,99.25,108.0,0.6071033425967385,0.646550778679535,0.12405994370409451,4,4
Apoptosis,UCD-0159547,0.7381057246358582,0.81460814385297,0.24740997301723103,658,4,164.5,179.5,1.2310886618203398,1.2834257473481196,0.22621024983030757,4,4
Apoptosis,UCD-0159633,0.33711353366429053,0.28772840840115654,0.26539336797936547,473,4,118.25,117.0,1.0212999925927682,0.9172438598294111,0.3172938725821409,4,4
Autophagy,UCD-0159510,0.9996290987429646,0.9999999873077212,0.0045170598521589375,442,4,110.5,118.0,0.6920272319772511,0.6507731958762887,0.20956548840329237,4,4
Autophagy,UCD-0159511,0.696184158663806,0.7806429456150061,0.30350393505410195,537,4,134.25,134.0,0.8495461227151326,0.8306277888905986,0.11353886934763044,4,4
Autophagy,UCD-0159545,0.1487361201176338,0.017800839322859446,0.24578885407887285,554,4,138.5,120.5,0.8646663360863673,0.9032743260441976,0.2215618411779413,4,4
Autophagy,UCD-0159575,0.8164099713709727,0.9579874253203081,0.25966103345199154,463,4,115.75,125.0,0.8719276446851567,0.8391500904159133,0.4949374135401772,4,4
Autophagy,UCD-0159604,0.05684609877546145,0.009795381081015724,0.11667091291620506,197,3,65.66666666666667,57.0,0.4451532111227929,0.36538461538461536,0.26188088199243514,3,3
Autophagy,UCD-0159606,0.09929967906756133,0.038618138670683436,0.13773095869625562,201,4,50.25,54.5,0.3433110081571278,0.3463622760545153,0.19248824593040106,4,4
Autophagy,UCD-0159658,0.22442358009551644,0.07620090235321646,0.2885197573129299,559,4,139.75,137.5,1.0086472395441337,1.1165584415584415,0.42566137974597923,4,4
Cell Cycle,UCD-0001784,0.9927723507860328,0.9927723507860328,,1,1,1.0,1.0,0.005333333333333333,0.005333333333333333,,1,1
Cell Cycle,UCD-0001790,0.600428152538604,0.7054029443018064,0.36803165120555464,86,1,86.0,86.0,0.45866666666666667,0.45866666666666667,,1,1
Cell Cycle,UCD-0001886,0.13100340452102222,0.009421383689029502,0.23107343550468284,274,4,68.5,58.5,0.3390756645287494,0.2778787878787879,0.33065844363374547,4,4
Cell Cycle,UCD-0159294,0.31717048956413724,0.21799882978054602,0.31391752537883155,466,3,155.33333333333334,160.0,0.7484801534287425,0.8135593220338984,0.17956045752646557,3,3
Cell Cycle,UCD-0159301,0.8475448706407331,0.9885622113843802,0.2447281782459438,712,4,178.0,172.0,0.8576703720008805,0.7938861985472154,0.20528686692988143,4,4
Cell Cycle,UCD-0159304,0.8505142682539163,0.9935453077665981,0.2589444583667887,641,4,160.25,166.0,0.7554993975694243,0.7772328548644338,0.15093577684784237,4,4
Cell Cycle,UCD-0159306,0.31495478551464007,0.12633522454080073,0.37084842194903245,531,4,132.75,133.5,0.6372277670292835,0.5959728867623604,0.15050351352940033,4,4
Cell Cycle,UCD-0159466,0.7838160160404646,0.9350276728631479,0.27651654041674323,551,4,137.75,151.0,0.7384918331832211,0.7743535293801409,0.27723549965236244,4,4
Cell Cycle,UCD-0159478,0.9488829161262835,0.9999884795619718,0.14870741939033694,318,3,106.0,136.0,0.5638510671036133,0.723404255319149,0.41098419471824515,3,3
Cell Cycle,UCD-0159481,0.5356686987200453,0.5600222877642103,0.36170206612588857,492,4,123.0,124.0,0.7874119648496654,0.7407496203947894,0.18117579781221677,4,4
Cell Cycle,UCD-0159492,0.16443569137934327,0.039251861880949,0.24473441541579677,684,4,171.0,180.0,0.9384449424455258,0.9602360446570973,0.13874171848639497,4,4
Cell Cycle,UCD-0159501,0.0831581691666162,0.005570860694854135,0.18417611819066534,280,4,70.0,66.5,0.35648012050218736,0.3592209737827715,0.3139462970179292,4,4
Cell Cycle,UCD-0159529,0.19196065294704465,0.05893656933921334,0.25140036110946434,41,3,13.666666666666666,4.0,0.0736886416786434,0.029850746268656716,0.08823528782590681,3,3
Cell Cycle,UCD-0159584,0.2857008523559608,0.167804253499345,0.3114214241621855,679,4,169.75,172.5,1.0852662246823799,1.043704350587488,0.2450330031980062,4,4
Cell Cycle,UCD-0159612,0.5544477859876256,0.6219810148924811,0.3384781633137786,264,4,66.0,51.0,0.4581269738269172,0.3893552134766192,0.24161920023703928,4,4
Cell Cycle,UCD-0159631,0.13573521392886195,0.03824195687716729,0.2053287357690043,574,4,143.5,145.5,1.0123996246807345,1.0877287249491723,0.19218265883370975,4,4
Cytoskeletal Signaling,UCD-0159356,0.10297206577194529,0.007208505266855482,0.19669159086898377,701,4,175.25,175.0,0.8559263784322382,0.871301247771836,0.08186497199376802,4,4
Cytoskeletal Signaling,UCD-0159437,0.4407808016429366,0.2666556810521092,0.380234974399387,7,2,3.5,3.5,0.01570592381477736,0.01570592381477736,0.015753934293237105,2,2
Cytoskeletal Signaling,UCD-0159438,0.041653847310543675,0.00019651846404369197,0.11061432977776471,61,4,15.25,13.5,0.07061493540088228,0.06493738819320215,0.046729115037510774,4,4
Cytoskeletal Signaling,UCD-0159459,0.115730971056896,0.017607401186980974,0.20305526480605754,682,4,170.5,182.0,0.9565389954239707,1.0733428310305897,0.2752111299005006,4,4
Cytoskeletal Signaling,UCD-0159503,0.7328263309942077,0.8863715319116742,0.31080167887332066,429,4,107.25,98.5,0.6755749124118284,0.6994922295737807,0.139794618657147,4,4
Cytoskeletal Signaling,UCD-0159533,0.4696336299649678,0.4754017956657745,0.2967876177454407,417,4,104.25,96.0,0.7913543281187169,0.7181171648987463,0.20548339628989165,4,4
Cytoskeletal Signaling,UCD-0159555,0.3892127584052083,0.31475294039526247,0.29083613347613907,754,4,188.5,190.5,1.4174268414806024,1.378688524590164,0.32871725177930095,4,4
Cytoskeletal Signaling,UCD-0159558,0.2931221363729607,0.21152785836179305,0.263558520521694,377,4,94.25,95.5,0.7127826590249825,0.6926229508196722,0.27622890754115353,4,4
Cytoskeletal Signaling,UCD-0159596,0.921113942075839,0.9912940907997152,0.15784144726855776,50,4,12.5,8.5,0.08232143054098812,0.05883158375171155,0.08633676351563685,4,4
Cytoskeletal Signaling,UCD-0159634,0.05395439370494637,0.011061274405761979,0.09560634185628458,7,2,3.5,3.5,0.02092862092862093,0.02092862092862093,0.006664346655673627,2,2
DNA Damage,UCD-0001810,0.6762340910193436,0.7719925469867039,0.3153889689710593,361,4,90.25,94.5,0.41964014141791645,0.43267608324224516,0.07590655574202056,4,4
DNA Damage,UCD-0001843,0.30394986420372494,0.18196272583203651,0.333033269289378,871,4,217.75,216.0,1.0358842116848361,1.043261562998405,0.0662400137757067,4,4
DNA Damage,UCD-0159257,0.2816213596798692,0.1747977569025685,0.2855123507871133,869,4,217.25,218.5,1.012341194607443,0.988690533629258,0.09340041626994605,4,4
DNA Damage,UCD-0159285,0.6973106943109262,0.81950575158987,0.3202833489829503,818,4,204.5,205.5,0.9640980612252382,0.9692707157371867,0.16671343318579993,4,4
DNA Damage,UCD-0159292,0.5814132865140365,0.6386358004599184,0.33577308796961475,307,4,76.75,71.0,0.3537196850944343,0.3513487086554633,0.2783542798681156,4,4
DNA Damage,UCD-0159327,0.268773373212108,0.13553451969260807,0.2991364216563077,642,4,160.5,163.0,0.8012825600599962,0.8064815249542232,0.11895156414836593,4,4
DNA Damage,UCD-0159386,0.20775616697103605,0.0753040845010512,0.26992215315439305,793,4,198.25,196.5,0.9702237844191193,0.9589958407605466,0.11659252629754197,4,4
DNA Damage,UCD-0159396,0.46633458879681833,0.3851931171665605,0.37615875102107044,851,4,212.75,220.5,0.9965748682522502,0.9969660752045602,0.06998014057225428,4,4
DNA Damage,UCD-0159414,0.09327419909768801,0.019901847774557002,0.16293739281096944,530,4,132.5,130.5,0.6560363396997744,0.6250389165628891,0.23046399169766846,4,4
DNA Damage,UCD-0159426,0.2469218060153983,0.13438523255277973,0.27209955959476184,872,4,218.0,213.5,1.0252433057911228,1.034176325957148,0.07454971010354898,4,4
DNA Damage,UCD-0159474,0.7071047643793658,0.83130702779645,0.309684463880657,712,4,178.0,185.0,1.0066459887387604,1.0007257674318586,0.2701134810973104,4,4
DNA Damage,UCD-0159526,0.3484107665099829,0.258991283623786,0.28660618848089536,163,2,81.5,81.5,0.5638621022179363,0.5638621022179363,0.027922876267684787,2,2
DNA Damage,UCD-0159527,0.3255326054626771,0.23496212546447692,0.2775455054167025,648,4,162.0,155.0,1.2293658667754617,1.20425506268081,0.2371959307386991,4,4
DNA Damage,UCD-0159559,0.858424681915235,0.9423184294408459,0.19466046496449113,511,4,127.75,125.5,0.9076829497594249,0.9402597402597402,0.12852736735546033,4,4
DNA Damage,UCD-0159560,0.1891471661822094,0.02265298250663898,0.27999345457301306,377,4,94.25,98.0,0.515959383505048,0.5432374211417141,0.4360372225708646,4,4
DNA Damage,UCD-0159566,0.31560111398723295,0.18119141986713938,0.3135962926729756,358,3,119.33333333333333,109.0,0.8843025011159306,0.8014705882352942,0.23528130686096488,3,3
DNA Damage,UCD-0159589,0.38684315191711544,0.34422005889223783,0.2976327179411429,652,4,163.0,160.5,1.223203026481715,1.2540983606557377,0.16226720356761576,4,4
DNA Damage,UCD-0159620,0.510431410609915,0.506283387258547,0.3329817439762961,524,4,131.0,108.0,0.9232259980283396,0.8243958573072496,0.2834259198180385,4,4
DNA Damage,UCD-0159623,0.1255203618660779,0.06164578259992454,0.15596302426241862,483,4,120.75,147.5,0.8168911067296436,0.9380029926800664,0.40729693269334794,4,4
Endocrinology & Hormones,UCD-0000101,0.2837468661937914,0.12930171682706176,0.3392345969131656,357,4,89.25,60.0,0.4123131306695089,0.29675544794188863,0.29288407987039305,4,4
Endocrinology & Hormones,UCD-0000849,0.8026851952139509,0.9494007283506481,0.27415466503673236,644,4,161.0,165.5,0.8043918259305797,0.8113702521245129,0.13494226631802278,4,4
Endocrinology & Hormones,UCD-0001040,0.12337371608326962,0.037732718599967775,0.19453929611656462,747,4,186.75,183.0,0.8715318565357679,0.8404559009243242,0.09894682571543112,4,4
Endocrinology & Hormones,UCD-0001086,0.17341392788109053,0.0484903356122664,0.24755495647221157,960,4,240.0,233.5,1.1885941773302804,1.1900316806383062,0.021589731889655513,4,4
Endocrinology & Hormones,UCD-0001162,0.0665743773763126,0.00045464694898345406,0.16395076262327177,185,1,185.0,185.0,0.8958837772397095,0.8958837772397095,,1,1
Endocrinology & Hormones,UCD-0001613,0.19473036102756355,0.07018585086863409,0.2515228204127882,883,4,220.75,219.0,1.0273629429831357,1.0590835287750315,0.08506750033488693,4,4
Endocrinology & Hormones,UCD-0001801,0.8830069306838656,0.963349542415556,0.17798134256831188,273,4,68.25,49.0,0.33577212401026413,0.22514715815883432,0.38198691200295715,4,4
Endocrinology & Hormones,UCD-0011250,0.24359100128131658,0.08004665322183034,0.30195615039326973,935,4,233.75,218.0,1.0933428291160951,1.0497912939773406,0.1767007502859676,4,4
Endocrinology & Hormones,UCD-0017999,0.10815411692884529,0.02935349724548833,0.17791930982056173,837,4,209.25,212.5,0.9744235545839768,0.9744510829769397,0.16153960725101854,4,4
Endocrinology & Hormones,UCD-0018089,0.21370831987065061,0.08761017703119245,0.2734621545355834,789,4,197.25,205.5,0.9728237603752221,1.0062116104004064,0.10195176270218752,4,4
Endocrinology & Hormones,UCD-0018304,0.23178687777380252,0.11831505836180917,0.26380379171911367,722,4,180.5,189.0,0.899742950766353,0.8659027952656762,0.17354054795792895,4,4
Endocrinology & Hormones,UCD-0159283,0.14086124648427478,0.03377428987697987,0.21603750980539346,795,4,198.75,204.0,0.9223546902877104,0.9814445352378729,0.16015747527608012,4,4
Endocrinology & Hormones,UCD-0159287,0.8622146451038913,0.9830230017520005,0.22756892197229134,668,4,167.0,164.0,0.8369244193543168,0.800805842357089,0.1646678069539092,4,4
Endocrinology & Hormones,UCD-0159322,0.48402080813310433,0.5073696556913667,0.4598318635956853,736,4,184.0,181.5,0.8755103648952891,0.8207543859649122,0.12373652107336712,4,4
Endocrinology & Hormones,UCD-0159344,0.15157537148860648,0.034909721183135636,0.23150318369416573,812,4,203.0,221.5,0.9884517130577921,1.0342701525054467,0.23938242738172172,4,4
Endocrinology & Hormones,UCD-0159374,0.1781407824759115,0.0674830011360861,0.22861582877531184,651,4,162.75,174.5,0.8070906480284608,0.8180540920266948,0.14216073145050528,4,4
Endocrinology & Hormones,UCD-0159483,0.6616583153816692,0.7545973851702998,0.3208056396601332,792,4,198.0,199.5,1.1266135539430664,1.0058437001594895,0.31696505886428544,4,4
Endocrinology & Hormones,UCD-0159598,1.0449620458708487e-09,1.0449620458708487e-09,,1,1,1.0,1.0,0.00909090909090909,0.00909090909090909,,1,1
Endocrinology & Hormones,UCD-0159617,0.6766962732593373,0.7346347166795598,0.258425600527868,480,3,160.0,158.0,1.0295898999321054,0.9513513513513514,0.1490969842080578,3,3
Endocrinology & Hormones,UCD-0159625,0.5323658357346064,0.5383368806074953,0.29357310029484895,553,4,138.25,160.0,1.2085953751352991,1.1302037632836113,0.3579310438560561,4,4
Epigenetics,UCD-0001059,0.7673013239355088,0.9017096825838035,0.2858055102643556,833,4,208.25,206.0,0.9749030534908993,0.9564102564102563,0.08714860585955288,4,4
Epigenetics,UCD-0001921,0.96973675348078,0.996567196209216,0.08699811530846255,699,4,174.75,176.5,0.8184930530423884,0.8422292273835723,0.06037260045364889,4,4
Epigenetics,UCD-0001924,0.1492955451942889,0.026861888159410832,0.23456844414413527,205,2,102.5,102.5,0.46285833203267257,0.46285833203267257,0.338849130646327,2,2
Epigenetics,UCD-0001925,0.5776960040026369,0.635979363116961,0.33943650423272953,361,3,120.33333333333333,177.0,0.5489326148459673,0.8098434004474273,0.4635747372318779,3,3
Epigenetics,UCD-0001927,0.967565070822416,0.9999976128448796,0.11579332212395296,588,4,147.0,158.0,0.9018493186901437,0.9487003728887914,0.20080506222374533,4,4
Epigenetics,UCD-0001944,0.3009691412781178,0.20155996599410553,0.27555503070265597,690,4,172.5,174.5,1.295033263189128,1.303759872569191,0.06813747692270719,4,4
Epigenetics,UCD-0001952,0.6888062764832923,0.7777641911066024,0.29366478957321623,465,4,116.25,123.5,0.9160866152786304,0.9605689339529644,0.0937088900021795,4,4
Epigenetics,UCD-0001953,0.16273593415144108,0.07420247270504565,0.20517925236546197,397,3,132.33333333333334,151.0,0.8247840411338511,0.8162162162162162,0.3120459172403841,3,3
Epigenetics,UCD-0001957,0.4916923283957767,0.5013806598184866,0.34208015172837364,334,4,83.5,84.5,0.5987000447483927,0.6737012987012987,0.18393867223606636,4,4
Epigenetics,UCD-0013217,0.5375321202509717,0.5917558783617527,0.4046789268518836,888,4,222.0,232.0,1.0650110310444834,1.0839917590586636,0.19864521370127267,4,4
Epigenetics,UCD-0159253,0.9140261391646681,0.9780274679802041,0.1422684677172123,629,4,157.25,170.0,1.1341356509184188,1.1413232498887855,0.32088981946584644,4,4
Epigenetics,UCD-0159369,0.7193869358956596,0.8329305657619154,0.2892290983536525,980,4,245.0,250.0,1.1901844259165066,1.2185625535561266,0.17661895335180927,4,4
Epigenetics,UCD-0159442,0.9097251349105211,0.9907937276103206,0.1833869646626699,727,4,181.75,178.5,1.0181653087831728,1.021746142680501,0.11200361176363816,4,4
Epigenetics,UCD-0159473,0.623138299821281,0.7532871894309625,0.3667332517624018,644,4,161.0,174.5,1.0099001611204628,0.9118227681509102,0.6061745281716764,4,4
Epigenetics,UCD-0159484,0.07337647475585315,0.003351665986884727,0.17660860453743543,726,4,181.5,173.5,1.0091534711518184,1.0321594896331738,0.09768975323013931,4,4
Epigenetics,UCD-0159488,0.5477703348911679,0.5522043861473203,0.3635258528985099,210,4,52.5,47.0,0.3493711078426991,0.25034620710878597,0.41245242785519187,4,4
Epigenetics,UCD-0159493,0.2501230845517162,0.08301562754792696,0.3131086015306967,442,4,110.5,103.0,0.6001035487118456,0.6076986301369862,0.188440278126826,4,4
Epigenetics,UCD-0159500,0.11149710148606055,0.010908714834554856,0.20914407765224266,623,4,155.75,189.5,0.8199504759772576,0.985444330949949,0.5448343955351409,4,4
Epigenetics,UCD-0159508,0.0030796422187744895,0.0030796422187744895,,1,1,1.0,1.0,0.005333333333333333,0.005333333333333333,,1,1
Epigenetics,UCD-0159515,0.24020093412348678,0.07538195260273566,0.3044287255789105,381,4,95.25,76.5,0.5084054073294533,0.43685547175619516,0.2595447257723342,4,4
Epigenetics,UCD-0159551,0.9419331756231333,0.9978214464412785,0.1446581321850988,8,3,2.6666666666666665,3.0,0.017982848900469316,0.0189873417721519,0.011124890029938923,3,3
Epigenetics,UCD-0159562,0.6982468600418825,0.7756535763587613,0.26806179032183,609,4,152.25,154.5,1.1433509490940466,1.1100409836065572,0.08134128656060702,4,4
Epigenetics,UCD-0159572,0.2689953569021948,0.15938216050303564,0.2646935301255121,423,4,105.75,107.5,0.7949279980791679,0.7973053693502357,0.24992902787205196,4,4
Epigenetics,UCD-0159574,0.1994620839601825,0.13342440586773535,0.22101316671896612,256,4,64.0,62.0,0.47747824423457574,0.4747348119575699,0.07717694529469288,4,4
Epigenetics,UCD-0159591,0.08023607093064444,0.0048996903343159984,0.16756759006575647,656,4,164.0,172.0,1.0448494458110342,0.9680454112416641,0.24635883912143328,4,4
Epigenetics,UCD-0159592,0.7051599039988315,0.8405272384471725,0.30580825628504577,258,3,86.0,58.0,0.609418193506911,0.47540983606557374,0.3161415983018003,3,3
Epigenetics,UCD-0159593,0.4814178843484942,0.4491571512671414,0.29501471046874045,465,4,116.25,112.5,0.8742250545602192,0.7739030858244937,0.43223983672307376,4,4
Epigenetics,UCD-0159597,0.7525995145270943,0.8761867773504465,0.2859107439729464,79,2,39.5,39.5,0.27034358047016277,0.27034358047016277,0.12275271427469904,2,2
Epigenetics,UCD-0159600,0.4678388700751813,0.4978808648650782,0.38622962501322955,25,3,8.333333333333334,6.0,0.056211299249273934,0.04285714285714286,0.046178204392244,3,3
Epigenetics,UCD-0159640,0.7018769584007278,0.7761711478211322,0.2671081793595481,443,4,110.75,116.5,0.9079758660873997,0.9277200277200277,0.22668850675316105,4,4
Epigenetics,UCD-0159654,0.7766656937919629,0.8560505399184246,0.23313999542053848,454,4,113.5,128.0,0.9296801420217136,0.9219196382694481,0.14218107061327576,4,4
Epigenetics,UCD-0159655,0.2090503671003534,0.11196308345154321,0.23405372927358478,363,4,90.75,88.5,0.7598678282455216,0.8075388442942308,0.227417903530182,4,4
Epigenetics,UCD-0159664,0.18682043969227763,0.05088687890589964,0.25984477220761293,797,4,199.25,194.0,0.9358576293743522,0.9483601669648181,0.08384669500196446,4,4
GPCR & G Protein,UCD-0000201,0.31125091215415523,0.15950348628300842,0.3231382947823087,424,3,141.33333333333334,98.0,0.6892063416036018,0.5568181818181818,0.33342469271082154,3,3
GPCR & G Protein,UCD-0000533,0.48238961105292105,0.46350336267784886,0.33805214157340524,901,4,225.25,230.0,1.1191541703199115,1.082850667338202,0.09848385970510638,4,4
GPCR & G Protein,UCD-0000737,0.6681881279075255,0.7540221615161338,0.2963015573810371,909,4,227.25,230.0,1.1433540984351214,1.0771535827186511,0.163405080169825,4,4
GPCR & G Protein,UCD-0000786,0.20205567210226022,0.07569460732308256,0.2632558667089957,804,4,201.0,200.5,0.995043021809751,0.9755900578924726,0.08350397243591019,4,4
GPCR & G Protein,UCD-0000904,0.9904920142342093,0.9998849339992788,0.060068634101137705,625,4,156.25,163.5,0.7288913754488651,0.7387606876896203,0.13238374415634513,4,4
GPCR & G Protein,UCD-0001657,0.6541809619718262,0.7211294110425017,0.29762112544460295,709,4,177.25,189.5,0.8265458606396707,0.8728317985536653,0.11714019930119884,4,4
GPCR & G Protein,UCD-0018448,0.4272588677130382,0.3686808816729358,0.36012387183566164,683,4,170.75,170.5,0.8374216826768619,0.8330243612596554,0.14585526712791702,4,4
GPCR & G Protein,UCD-0159291,0.7018622877690617,0.8065751399098278,0.2987936147256038,478,4,119.5,125.0,0.5625594695961273,0.5713531151697263,0.38425451196488564,4,4
GPCR & G Protein,UCD-0159300,0.1913400670478902,0.021333788388157915,0.28974435641925345,799,4,199.75,198.5,0.9561959482682052,0.9495322474136034,0.11823805221336571,4,4
GPCR & G Protein,UCD-0159307,0.8525731835595409,0.9744940774478765,0.2538373515635509,152,4,38.0,20.0,0.17445825614800267,0.11025987455372979,0.19384883609935402,4,4
GPCR & G Protein,UCD-0159310,0.03667301460024701,6.885649445248733e-06,0.12416157464845531,840,4,210.0,212.0,1.0082525960509905,0.9911112527080413,0.1789203211661185,4,4
GPCR & G Protein,UCD-0159311,0.35228323189621696,0.179551010124368,0.37619800581867296,685,4,171.25,171.5,0.8189625546918142,0.832719298245614,0.1061915626906284,4,4
GPCR & G Protein,UCD-0159380,0.8586081318562958,0.9566757296635687,0.2072205749339833,825,4,206.25,202.0,1.027931759144666,1.0581293706293706,0.18995367242726435,4,4
GPCR & G Protein,UCD-0159393,0.4949897649555515,0.4914764556109895,0.3394346896475253,784,4,196.0,179.0,0.9297893110522063,0.8181055537857067,0.2352775346010455,4,4
GPCR & G Protein,UCD-0159395,0.17456890196588745,0.0590062965125695,0.24050296681300995,866,4,216.5,213.5,1.018545259347913,1.0115687536391773,0.12230170528737479,4,4
GPCR & G Protein,UCD-0159402,0.1014849335408048,0.031108542507878954,0.15875481503348335,633,4,158.25,176.0,0.7819939327160653,0.8252656304882333,0.16801620326823308,4,4
GPCR & G Protein,UCD-0159403,0.9792588486103536,0.9990477765495368,0.06804117140804368,642,4,160.5,163.5,0.7503744340481129,0.7388526248046337,0.10839521530366047,4,4
GPCR & G Protein,UCD-0159417,0.07854710926812158,9.05387110993942e-06,0.19979118244566985,28,3,9.333333333333334,8.0,0.042240899472822606,0.0365296803652968,0.026949620606719727,3,3
GPCR & G Protein,UCD-0159462,0.10662847910369759,0.006002324935729719,0.2196027267834935,866,4,216.5,218.5,1.2264219393124394,1.1292000430084403,0.26918472300071755,4,4
GPCR & G Protein,UCD-0159556,0.3570918537801786,0.25782243523800136,0.31222940175085717,538,4,134.5,134.0,1.0093372153401083,0.9861286254728878,0.11004855239851392,4,4
GPCR & G Protein,UCD-0159603,0.153589175284165,0.06848374419585815,0.19086788457460932,527,4,131.75,165.5,0.900569903041386,0.979002079002079,0.5045065888273387,4,4
GPCR & G Protein,UCD-0159619,0.11357923126071984,0.05350746628182235,0.1523942832072629,177,2,88.5,88.5,0.5567567567567567,0.5567567567567567,0.6268406060248313,2,2
GPCR & G Protein,UCD-0159624,0.4017343464968235,0.36106845569825075,0.3343180761960101,245,4,61.25,53.5,0.42326467361247155,0.3551783659378596,0.43725857995482414,4,4
GPCR & G Protein,UCD-0159628,0.4132531088954716,0.3581538625261883,0.33393082922175077,587,4,146.75,147.5,1.0708023762341916,0.9380333238969547,0.28657019816917007,4,4
GPCR & G Protein,UCD-0159646,0.038563351860627114,0.006816182072660805,0.08800764240073441,324,4,81.0,65.5,0.5750645884224563,0.5344155844155845,0.22319135780478117,4,4
GPCR & G Protein,UCD-0159647,0.12027038043544552,0.030393569994590124,0.20224398941112925,476,4,119.0,127.5,0.84076024472959,0.8458062037448943,0.029918858970526742,4,4
GPCR & G Protein,UCD-0159648,0.14408259104146992,0.05009563656165115,0.20121837694001563,458,4,114.5,118.5,0.8752303622233913,0.8380040369900953,0.09109478058088165,4,4
GPCR & G Protein,UCD-0159662,2.711243805606576e-09,2.711243805606576e-09,,1,1,1.0,1.0,0.024691358024691357,0.024691358024691357,,1,1
JAK/STAT,UCD-0011696,0.29911641601574707,0.05037346437504042,0.383818831118766,760,4,190.0,192.0,0.9266479586173749,0.9175762527233116,0.07659911233043981,4,4
JAK/STAT,UCD-0018083,0.5148235466336772,0.5096924598660182,0.3197468711658609,840,4,210.0,204.5,1.0500878255776307,1.1021153361873584,0.16955303805250818,4,4
JAK/STAT,UCD-0159329,0.6211807492889702,0.6211807492889702,0.16021691523461035,2,1,2.0,2.0,0.009685230024213076,0.009685230024213076,,1,1
JAK/STAT,UCD-0159335,0.7371280798900858,0.8510775845071483,0.2952788722604298,50,2,25.0,25.0,0.12744593981551489,0.12744593981551489,0.14696016332417827,2,2
JAK/STAT,UCD-0159549,0.15354494594388018,0.06678254374564187,0.19924353861002253,251,4,62.75,59.0,0.46050474547023296,0.45491803278688525,0.12828482118693985,4,4
JAK/STAT,UCD-0159561,0.11560101788180888,0.0036820753963790554,0.22332347774195357,584,4,146.0,156.5,0.9554880231640706,0.9898105969791416,0.39834945830122725,4,4
JAK/STAT,UCD-0159622,0.09185398063215883,0.024804948168084335,0.16037295435955987,566,4,141.5,136.5,1.0345785917281651,0.9205956184390689,0.2734659798846565,4,4
JAK/STAT,UCD-0159641,0.09489234912378883,0.021727193452112197,0.15798516107694466,406,4,101.5,107.0,0.7445713847805102,0.7092282396464906,0.31973187526065383,4,4
MAPK,UCD-0001804,0.8000518372851414,0.9252839336593502,0.2586770371448877,687,4,171.75,168.0,0.800418522048852,0.7982614585685256,0.013834561802564658,4,4
MAPK,UCD-0001808,0.7956648483544341,0.9157112619837451,0.2527261307669671,180,4,45.0,50.0,0.20725409706706951,0.2254461588043347,0.10383924772169291,4,4
MAPK,UCD-0001818,0.7247991819526381,0.9761294790635089,0.38559855301186646,799,4,199.75,203.0,0.9613096956567073,0.9546720228923619,0.19827642843146792,4,4
MAPK,UCD-0001822,0.8302009226338327,0.9395526787908359,0.22921164127890953,762,4,190.5,184.0,0.9476575887382759,0.9483421014892028,0.14349368679845417,4,4
MAPK,UCD-0018179,0.7722817436817935,0.8770604628966798,0.253547260555026,921,4,230.25,230.0,1.081069868920455,1.0999096861594038,0.1040841306750528,4,4
MAPK,UCD-0018540,0.4476487048868842,0.43963671333833887,0.34780414206256827,823,4,205.75,203.0,1.0051265617513916,0.9904789107873941,0.09531409515965888,4,4
MAPK,UCD-0159444,0.24052864340932043,0.07770884683615686,0.30374251354160364,934,4,233.5,227.0,1.284090715896602,1.241265917602996,0.12895217479455706,4,4
MAPK,UCD-0159470,0.25322979173351834,0.10595880146538586,0.30595353647281065,715,4,178.75,180.5,1.0132613860059076,0.9944719101123596,0.19207514289670052,4,4
MAPK,UCD-0159538,0.08591389502555362,0.0010771008855785013,0.1867165411439063,332,4,83.0,70.0,0.5136505699997693,0.5293300937174592,0.27415141888381905,4,4
MAPK,UCD-0159542,0.2592283526243589,0.149629412159247,0.27146348681283905,527,4,131.75,131.0,0.9888380430157064,0.9520010619234088,0.17098720161740502,4,4
MAPK,UCD-0159543,0.21827526184705587,0.0697991750169276,0.27972507608532243,128,4,32.0,28.0,0.23532225178516353,0.2286121988451583,0.12730884046618302,4,4
MAPK,UCD-0159588,0.37875362081393904,0.31457649296261253,0.3000762434736432,725,4,181.25,164.5,1.3493501575316527,1.3284495918231896,0.19784411410311045,4,4
MAPK,UCD-0159618,0.20143478289248015,0.11332292036922993,0.22932361785162458,479,4,119.75,118.5,1.0317699158161768,1.0490817740817742,0.4649756640267611,4,4
MAPK,UCD-0159635,0.14489383187707908,0.0980214781651189,0.16590208794629133,17,1,17.0,17.0,0.10897435897435898,0.10897435897435898,,1,1
MAPK,UCD-0159650,0.1699758693054776,0.06778393374442343,0.22237936552054396,503,4,125.75,127.5,0.9105227920055841,1.0344155844155845,0.372142703794841,4,4
Metabolism,UCD-0000295,0.31478788456672313,0.18601429992183804,0.3139168701688533,387,4,96.75,90.5,0.4653199577519383,0.4174190643328869,0.2049478840591307,4,4
Metabolism,UCD-0000324,0.4134672480844652,0.32460169594177724,0.38363157731352326,752,4,188.0,186.5,0.895286955833343,0.9473123486682808,0.1385292634483168,4,4
Metabolism,UCD-0000730,0.9841768858708694,0.9999999992797852,0.11396853121391672,316,4,79.0,88.5,0.3896266880606756,0.412376183138895,0.2805011564864142,4,4
Metabolism,UCD-0000757,0.8176070502298376,0.9456782080502801,0.2554558302274212,855,4,213.75,215.0,1.0632238935952585,1.0881390078065978,0.09724465567205559,4,4
Metabolism,UCD-0000872,0.9998329973107045,0.9999999998267397,0.0006975883728004919,36,4,9.0,9.0,0.04444057369927129,0.041354831609068894,0.041631884342622855,4,4
Metabolism,UCD-0001078,0.9981507715828841,0.9999131970634401,0.004482208493306437,8,3,2.6666666666666665,3.0,0.013474316734561705,0.015151515151515152,0.008061763564543556,3,3
Metabolism,UCD-0001391,0.8553415739097523,0.9569092051929649,0.21527468337456532,765,4,191.25,201.0,0.9468343197122397,0.9380927291886196,0.21490997198405146,4,4
Metabolism,UCD-0001616,0.14430038603983558,0.022438700390683637,0.2333838028350127,815,4,203.75,207.0,0.9967789073251798,1.0103030303030303,0.10898096339558166,4,4
Metabolism,UCD-0001816,0.5713430899206853,0.6519282532924959,0.36314003431200126,800,4,200.0,201.0,0.9855266216601093,1.011162495891826,0.07770844662281305,4,4
Metabolism,UCD-0018051,0.11356275613355314,0.0004064622904304769,0.23333216850603794,757,4,189.25,197.0,0.9064730489552077,0.9071885221528397,0.15329871579056834,4,4
Metabolism,UCD-0018410,0.4117358611600622,0.35603562753760165,0.31975193698694626,896,4,224.0,221.0,1.0548714226279006,1.0623816898984684,0.13592199831296473,4,4
Metabolism,UCD-0159288,0.24807900899754953,0.12684688725383717,0.27814923906624794,905,4,226.25,237.5,1.1224870284973623,1.0657489254723866,0.2186594462919646,4,4
Metabolism,UCD-0159289,0.3421496761178707,0.2171729812811688,0.3219212882445733,830,4,207.5,209.5,0.9714444535077336,0.9919764467971213,0.054234597788386886,4,4
Metabolism,UCD-0159296,0.1761859570296725,0.0720710673227413,0.2247844095777395,728,4,182.0,175.0,0.9130973986423507,0.7914882901032485,0.29071227810511285,4,4
Metabolism,UCD-0159299,0.09985574401183604,0.0019185098899115816,0.2279180782165815,534,4,133.5,138.0,0.6425980803318002,0.662578947368421,0.45720562229250056,4,4
Metabolism,UCD-0159303,0.18510249815821314,0.06257914673823015,0.24853381562552607,586,4,146.5,147.5,0.7315113797599911,0.6841257562462477,0.1122949759652484,4,4
Metabolism,UCD-0159320,0.051022322669584924,0.00021660461514702264,0.14212615007441975,827,4,206.75,204.0,0.9864005390981305,0.9801818181818183,0.09441937628838327,4,4
Metabolism,UCD-0159334,0.81718253393268,0.9789968927745494,0.2698818029681038,362,4,90.5,91.5,0.44247734604475114,0.4448856209150327,0.22498851843275564,4,4
Metabolism,UCD-0159341,0.14522596769287463,0.011076907902571126,0.24772138073309868,758,4,189.5,181.5,0.9243969382824668,0.9254823297239749,0.16023071443376483,4,4
Metabolism,UCD-0159347,0.7947990872021455,0.977291729458985,0.3201746307878438,713,4,178.25,183.0,0.8715896521289308,0.9016042780748663,0.10006401922080736,4,4
Metabolism,UCD-0159349,0.8207345891205396,0.9914721213498052,0.30411072847985754,386,4,96.5,87.5,0.5003480736293829,0.47486888111888115,0.38927622315499094,4,4
Metabolism,UCD-0159354,0.5316557091347441,0.5549232931470386,0.3373694087221633,780,4,195.0,191.0,0.9721254758261763,0.9895104895104896,0.05911327929554458,4,4
Metabolism,UCD-0159358,0.31203025069394574,0.20489707603782603,0.3074734076368607,768,4,192.0,194.0,0.9379180591896076,0.9370791245791246,0.09411442427650975,4,4
Metabolism,UCD-0159360,0.24271184848048089,0.12131775385795956,0.2693226338153806,743,4,185.75,189.0,0.921996033954084,0.8859545135230067,0.23043691919515627,4,4
Metabolism,UCD-0159366,0.3067650037230786,0.21988536008442922,0.2822689994038671,832,4,208.0,221.0,1.0254653745292008,1.0868896531679906,0.18923691182036123,4,4
Metabolism,UCD-0159377,0.6168237291783326,0.6986844224375902,0.337880275697266,661,4,165.25,157.5,0.8098206165694446,0.7626262626262625,0.1422971975078557,4,4
Metabolism,UCD-0159385,0.17095444636291413,0.04573649548228213,0.24358466855051583,686,4,171.5,180.0,0.8407938940032922,0.8791087344028521,0.1456910238486055,4,4
Metabolism,UCD-0159404,0.09063591168585168,0.012122887109572898,0.17394713236759007,700,4,175.0,179.5,0.81766228476943,0.8266857810342997,0.08705517433968075,4,4
Metabolism,UCD-0159405,0.1950792756188837,0.07315245522507763,0.2521132202590741,777,4,194.25,194.5,0.915507436681944,0.8878466260860517,0.09507957114196414,4,4
Metabolism,UCD-0159416,0.6810796832403426,0.7977079173891413,0.32673387079302013,597,4,149.25,151.0,0.7002038240905832,0.7197556358630184,0.08819356040580537,4,4
Metabolism,UCD-0159441,0.20900192514183158,0.06752649257664821,0.27963480721027956,678,4,169.5,164.5,0.7959814380225703,0.7715841236389182,0.07754326228102054,4,4
Metabolism,UCD-0159464,0.5300378457594247,0.5375494042492739,0.38089224599797405,758,4,189.5,195.5,1.1914385825023335,1.1155177719649176,0.17337138163226343,4,4
Metabolism,UCD-0159465,0.46487785288541456,0.44633690899846207,0.3736112405746452,598,4,149.5,148.0,0.9518249115553041,0.9376057855054625,0.16127114551466135,4,4
Metabolism,UCD-0159476,0.08778583968809121,0.007175331558885654,0.1826209090388542,642,4,160.5,172.5,0.8908245977348397,0.8738082191780823,0.07168720550622287,4,4
Metabolism,UCD-0159477,0.3505181801038599,0.24333762865372133,0.3306120396283269,139,4,34.75,29.0,0.18064612989089063,0.16376255707762555,0.13862050518502778,4,4
Metabolism,UCD-0159531,0.991254519155711,0.991254519155711,0.009297249741082295,2,1,2.0,2.0,0.013114754098360656,0.013114754098360656,,1,1
Metabolism,UCD-0159607,0.3708866722436712,0.32407746390643033,0.2920625920742146,66,2,33.0,33.0,0.22513562386980107,0.22513562386980107,0.08567116517088369,2,2
Metabolism,UCD-0159608,0.09494480616962125,0.02055971662594091,0.1758622590596426,378,4,94.5,97.0,0.6650996150692838,0.616562866502204,0.16955184302926704,4,4
Metabolism,UCD-0159614,0.1702133674787508,0.06205809338641777,0.23095970977919064,515,4,128.75,131.5,0.9285342761133395,0.9806962025316456,0.1869986442297468,4,4
Metabolism,UCD-0159627,0.4034059482776486,0.3547867832330263,0.30285172929849186,481,3,160.33333333333334,151.0,1.0198715094152357,1.027027027027027,0.04874057095660759,3,3
Metabolism,UCD-0159643,0.20605616599610033,0.10628204156093468,0.23464685374411243,488,4,122.0,120.5,1.131320055797242,0.9308558558558558,0.5517399727571713,4,4
Metabolism,UCD-0159659,0.7012046860291676,0.79596780446921,0.2948590053779129,616,4,154.0,159.0,1.0799292035258792,1.0814924691921497,0.2019628925895816,4,4
Microbiology,UCD-0018439,0.412826334651422,0.32691129003223074,0.3759857190066712,745,4,186.25,219.0,0.9027150213747003,1.0785879374862426,0.3984277076866931,4,4
Microbiology,UCD-0018483,0.24671239682471408,0.030592833768671307,0.33396701014400776,871,4,217.75,211.0,1.0456860834675288,1.0315438596491229,0.22648843135835672,4,4
Microbiology,UCD-0018527,0.31934255117855714,0.019299428643432627,0.40949631457900826,772,4,193.0,193.5,0.9191603179752155,0.8927575757575757,0.07907541586267411,4,4
Microbiology,UCD-0159295,0.2902485232461362,0.1522044149178205,0.3104544589888676,838,4,209.5,211.0,1.0432415634104195,1.0560312263913372,0.20903778407771145,4,4
Microbiology,UCD-0159297,0.23094833243261242,0.11117951132584843,0.273305068381506,624,4,156.0,156.0,0.7861676972917644,0.7718928855455458,0.168413296929516,4,4
NF-κB,UCD-0159375,0.21332491904546647,0.042582931228350746,0.2973228523152102,878,4,219.5,211.5,1.0724480139618882,1.0277837284585356,0.21190682684215478,4,4
NF-κB,UCD-0159383,0.09874758380676049,0.001810660556552986,0.21720911150584796,953,4,238.25,237.0,1.1624824120788508,1.1073257080610022,0.28312055977057127,4,4
NF-κB,UCD-0159407,0.18215068632313774,0.06814207404937006,0.23744556413259918,861,4,215.25,221.0,1.0815961372268736,1.0891101066215798,0.14205815564421154,4,4
NF-κB,UCD-0159413,0.9645868585284775,0.9990749717688214,0.11118097409295608,441,4,110.25,113.0,0.6086134928180569,0.6420659369469752,0.20555817811888258,4,4
NF-κB,UCD-0159506,0.28482248279945616,0.10936612849109414,0.3332707411762328,550,4,137.5,140.0,0.7579140975137832,0.755846459867749,0.0636384221827149,4,4
NF-κB,UCD-0159520,0.9999999209801378,0.9999999391181118,9.433553761425501e-08,4,1,4.0,4.0,0.020618556701030927,0.020618556701030927,,1,1
NF-κB,UCD-0159580,0.19422914227344343,0.09633069058355606,0.2581057411298288,31,1,31.0,31.0,0.20327868852459016,0.20327868852459016,,1,1
Neuronal Signaling,UCD-0000083,0.11438988612079627,0.0011750253069003742,0.22647841980039254,446,4,111.5,110.0,0.5328925626856046,0.5618819776714513,0.36613826308094916,4,4
Neuronal Signaling,UCD-0000243,0.9970142928908113,0.999995658113364,0.021318617821351735,527,4,131.75,133.5,0.6145394792061216,0.6031994116024639,0.13982761415371484,4,4
Neuronal Signaling,UCD-0000253,0.5946240388937591,0.67135522053328,0.3635584346907532,715,4,178.75,176.0,0.8598445034002572,0.8251100594320933,0.179958158827116,4,4
Neuronal Signaling,UCD-0000421,0.5002855172567953,0.4792487639377252,0.353987549294741,862,4,215.5,211.0,1.0650109682244255,1.0220927336266956,0.10475047109127732,4,4
Neuronal Signaling,UCD-0000450,0.26434488796884986,0.1506231638041226,0.2772094477576854,904,4,226.0,220.0,1.0556281163194747,1.0320972485195181,0.14244784607767802,4,4
Neuronal Signaling,UCD-0000469,0.13224452335419762,0.00044941221774976115,0.27366096992803124,651,4,162.75,150.0,0.7709321937354944,0.7631961259079904,0.22233033621903706,4,4
Neuronal Signaling,UCD-0000490,0.3493816639839271,0.23830219572461334,0.35509713692456374,833,4,208.25,209.5,0.9975486424072507,0.973448162007484,0.13455007965750804,4,4
Neuronal Signaling,UCD-0000576,0.2820384295989524,0.021358371693795442,0.37182109831134014,710,4,177.5,181.0,0.8448805449679669,0.8308181818181818,0.050739076221266353,4,4
Neuronal Signaling,UCD-0000721,0.9791875134002923,0.9986562537648089,0.04113638455374555,21,2,10.5,10.5,0.04733185371031554,0.04733185371031554,0.03172871304175862,2,2
Neuronal Signaling,UCD-0000841,0.9120864131180358,0.989710649808193,0.1738488683961761,669,4,167.25,166.0,0.9448852951147371,0.8649669372614376,0.22139658971805765,4,4
Neuronal Signaling,UCD-0000936,0.8197004228050055,0.985256393310734,0.2933981609324686,651,4,162.75,149.5,0.8003798653656887,0.7335820717890127,0.2503258674351468,4,4
Neuronal Signaling,UCD-0000972,0.34523265522223756,0.27787582497399055,0.3129880107515671,622,4,155.5,156.5,0.7586210159714999,0.7333615605625283,0.07877692280149316,4,4
Neuronal Signaling,UCD-0001002,0.6491241414618054,0.7570552364171932,0.3357768887715625,841,4,210.25,213.0,0.9827546996614006,0.9705322303730295,0.11320400668522118,4,4
Neuronal Signaling,UCD-0001014,0.22511178922518565,0.11076041188025382,0.2591922029861922,900,4,225.0,221.0,1.048722362762307,1.046778660950218,0.03577655500575474,4,4
Neuronal Signaling,UCD-0001016,0.32046581664722285,0.2131955177896288,0.30001743358702077,860,4,215.0,225.0,1.0041043837859105,1.0158255331467723,0.15832328622444372,4,4
Neuronal Signaling,UCD-0001024,0.1995517749134645,0.09383145426764009,0.2389791653336803,811,4,202.75,202.0,0.9476849321651465,0.9636325182290617,0.10555617244453276,4,4
Neuronal Signaling,UCD-0001098,0.16092632816894717,0.04785169970328143,0.2214689896446002,814,4,203.5,208.0,0.9500420131234887,0.9403941037663571,0.18652537534382452,4,4
Neuronal Signaling,UCD-0001101,0.2984836293322831,0.11385628589903402,0.34805862680060806,149,3,49.666666666666664,42.0,0.2736417135037377,0.22888283378746593,0.2938046905035445,3,3
Neuronal Signaling,UCD-0001186,0.08753369887432659,0.002507676337509525,0.18662881544431925,742,4,185.5,184.0,0.907091708200509,0.9055133827309845,0.10234833356308452,4,4
Neuronal Signaling,UCD-0001305,0.24806330028420168,0.039531784872459536,0.3229439622574815,608,4,152.0,143.0,0.7220468042216481,0.7278256658595641,0.11832282813455833,4,4
Neuronal Signaling,UCD-0001441,0.11698451133500067,0.002011306232829022,0.231018774891415,758,4,189.5,190.5,0.9017644013732328,0.8905087719298246,0.08584740594708168,4,4
Neuronal Signaling,UCD-0001463,0.4351066238162336,0.3572117213322285,0.36479862460147056,572,4,143.0,142.5,0.7189955538621151,0.7037078080387991,0.13624851314857228,4,4
Neuronal Signaling,UCD-0001842,0.516152659583598,0.5207586293834038,0.3461857314858226,504,4,126.0,146.0,0.5822112101888113,0.6671318355955047,0.2592521772109619,4,4
Neuronal Signaling,UCD-0011098,0.3290398152543918,0.22087134880316966,0.3127463580224391,770,4,192.5,181.0,0.8982901450923371,0.8341297653180418,0.16676965744440303,4,4
Neuronal Signaling,UCD-0017582,0.2391929733379879,0.1210084265629804,0.26500273307455385,721,4,180.25,175.5,0.902100453303181,0.8605769230769231,0.12792560817188178,4,4
Neuronal Signaling,UCD-0018207,0.959112466107337,0.9973849742876569,0.12080149484052868,374,4,93.5,93.5,0.42301322178007145,0.4506572295247725,0.2558675494403356,4,4
Neuronal Signaling,UCD-0018311,0.14313016640389936,0.005992350331291115,0.24794189149405846,782,4,195.5,206.5,0.9255567443261467,0.9210925039872409,0.11627789447619301,4,4
Neuronal Signaling,UCD-0018516,0.09099936117968208,0.016182444707638462,0.17881728564861746,805,4,201.25,199.5,1.000860698016794,0.9885419289851423,0.07078837962258196,4,4
Neuronal Signaling,UCD-0018550,0.07035258929506046,0.0013682985988856338,0.1683081939704589,924,4,231.0,228.5,1.1030051283833622,1.124121212121212,0.12254952426168196,4,4
Neuronal Signaling,UCD-0159264,0.7590078453665071,0.9952402233848031,0.4120170702382057,3,2,1.5,1.5,0.006474958988709833,0.006474958988709833,0.0025792373182332816,2,2
Neuronal Signaling,UCD-0159265,0.8853473115604323,0.9963551216547805,0.24983544842032263,16,2,8.0,8.0,0.03860108249568786,0.03860108249568786,0.011187200606412992,2,2
Neuronal Signaling,UCD-0159319,0.8377864176403528,0.988373441112163,0.24978526636445256,597,4,149.25,153.0,0.715468268127947,0.7470944309927361,0.11634083020969692,4,4
Neuronal Signaling,UCD-0159321,0.05717736846220882,0.0002636747843292558,0.15904988025450634,738,4,184.5,180.0,0.8780641839575827,0.8682192770060746,0.055289437932789724,4,4
Neuronal Signaling,UCD-0159326,0.5118059704721877,0.5413199562297135,0.3559988722395988,704,4,176.0,171.5,0.8563672131364555,0.8432058067442916,0.04921018891765456,4,4
Neuronal Signaling,UCD-0159337,0.5776538213078914,0.6155834687603743,0.3105714528650265,800,4,200.0,206.0,1.001412702903011,1.0416018057285181,0.24004566671451272,4,4
Neuronal Signaling,UCD-0159338,0.1298324978557497,0.01974955146254343,0.21342324320368936,870,4,217.5,211.5,1.063722358292334,1.0205169340463458,0.13827508419664666,4,4
Neuronal Signaling,UCD-0159339,0.22589846665998245,0.09313267327947723,0.2820549226970223,514,4,128.5,145.0,0.6333202520186492,0.708716577540107,0.21625961925570417,4,4
Neuronal Signaling,UCD-0159345,0.05753960729870553,0.0038002177041555063,0.14331510815236786,796,4,199.0,196.5,0.9733589734483806,0.9588510425592688,0.14470751905604384,4,4
Neuronal Signaling,UCD-0159350,0.8582978862472107,0.9700622867526021,0.2085034637704065,918,4,229.5,235.0,1.1182024272667703,1.0965032679738562,0.14381121523219864,4,4
Neuronal Signaling,UCD-0159367,0.6417548682864812,0.7217747351052474,0.32745566336169973,755,4,188.75,193.0,0.9492801476455638,0.926313791794624,0.11764520974464948,4,4
Neuronal Signaling,UCD-0159381,0.22685580731318647,0.14506144500115326,0.25846157346387394,540,4,135.0,151.5,0.6807859754731196,0.7104956972251493,0.2517442429133906,4,4
Neuronal Signaling,UCD-0159382,0.31280539423378717,0.220152166923277,0.2963395953720612,849,4,212.25,219.5,1.0594754631963277,1.0496066433566433,0.11018096431083972,4,4
Neuronal Signaling,UCD-0159387,0.9888601510936009,0.99954203220115,0.04430062783444363,809,4,202.25,207.5,1.0035568401297241,0.9918164774622453,0.11224617973679157,4,4
Neuronal Signaling,UCD-0159390,0.3022670502884608,0.18298248350482726,0.3085790148899048,746,4,186.5,179.5,0.9375341295969251,0.9403409090909091,0.13999631387799874,4,4
Neuronal Signaling,UCD-0159406,0.9085876235742428,0.9880309125813642,0.17420910906762965,652,4,163.0,160.5,0.911870298130483,0.87807336523126,0.0727749674870243,4,4
Neuronal Signaling,UCD-0159408,0.2231532086041569,0.1269677057225392,0.24206252675394013,844,4,211.0,219.0,1.0635805812187535,1.0275289778714436,0.22216998130500543,4,4
Neuronal Signaling,UCD-0159410,0.1734062652669647,0.0647894813299207,0.22436925911793396,663,4,165.75,172.0,0.8176983597544698,0.8474011819414842,0.15623093301325003,4,4
Neuronal Signaling,UCD-0159411,0.5186944136725086,0.4918694195556629,0.3312687731433143,772,4,193.0,189.5,0.9049361294715798,0.8565627777267015,0.1039355788433118,4,4
Neuronal Signaling,UCD-0159411B,0.9967335355110147,0.9999991786791289,0.04469336475272722,538,4,134.5,140.5,0.6292671307161024,0.6355765989396587,0.07868236689814465,4,4
Neuronal Signaling,UCD-0159582,0.32754925058628476,0.2524530459808981,0.27808234333588944,393,4,98.25,100.5,0.7437508296276631,0.7418032786885246,0.12105912596527242,4,4
Neuronal Signaling,UCD-0159626,0.1291394709828155,0.056029850299181755,0.18180753306195008,300,3,100.0,86.0,0.6281439965850613,0.4648648648648649,0.4295430947961698,3,3
Others,UCD-0000463,0.3662311435457167,0.28053747351692637,0.3276040664785176,582,4,145.5,138.0,0.683796368555226,0.6666666666666666,0.1317562408885307,4,4
Others,UCD-0000684,0.22318569579243291,0.0964656795980531,0.273803973374643,786,4,196.5,194.5,0.95642951326359,0.9412878787878788,0.07981037600261215,4,4
Others,UCD-0001435,0.03271780225377349,0.00011519068562756065,0.11275093539911557,773,4,193.25,198.0,0.9181872419878664,0.9068070175438596,0.03111989302931386,4,4
Others,UCD-0001616B,0.15376819659936006,0.041623728489056266,0.2268493767491379,782,4,195.5,196.0,0.9736137708740282,0.9114336353819428,0.19272279159864758,4,4
Others,UCD-0001775,0.2239777455485181,0.11157649291329257,0.253945846704096,897,4,224.25,213.0,1.0428789048374103,1.0475256375238993,0.08707315262092338,4,4
Others,UCD-0001800,0.9517017762986469,0.9517017762986469,0.06274854019982672,2,2,1.0,1.0,0.004632233553713746,0.004632233553713746,0.000682861447803545,2,2
Others,UCD-0001802,0.39345760062185003,0.32313722184540994,0.3368880291338914,604,4,151.0,156.0,0.7496995075412987,0.7091780877463303,0.10920222927394589,4,4
Others,UCD-0001812,0.9779592476124797,0.9997309149019691,0.0772017642856282,660,4,165.0,167.0,0.8115532017253011,0.7997621576686833,0.15443321945639682,4,4
Others,UCD-0001835,0.9008196497038196,0.9999335366146583,0.20705286720773555,5,2,2.5,2.5,0.011729510047414765,0.011729510047414765,0.009722917808593528,2,2
Others,UCD-0001844,0.341665444027787,0.22616232686840337,0.35087861225469374,223,3,74.33333333333333,73.0,0.3605897116520831,0.3395348837209302,0.0966381101549585,3,3
Others,UCD-0001850,0.8458110514102297,0.9551089011645383,0.23132342259186833,857,4,214.25,206.0,1.0694063830468212,1.1183663302814617,0.13819648988416058,4,4
Others,UCD-0001915,0.9822994620532043,0.9999613335930835,0.059638120224529724,64,4,16.0,15.5,0.07321375162475191,0.07361706931587265,0.021876143934941514,4,4
Others,UCD-0022022,0.12508642748055498,0.03927804699820428,0.19220437332115498,764,4,191.0,181.0,0.9460571974492733,0.8981643356643356,0.1355633115613116,4,4
Others,UCD-0159261,0.9620510413323957,0.9982576377440737,0.09948735883050232,654,4,163.5,180.0,0.7556821479444478,0.7890379233812602,0.312400872215514,4,4
Others,UCD-0159262,0.9210143194395555,0.9991929874983163,0.17209863806368086,40,4,10.0,10.0,0.04700000520427624,0.04350091672295667,0.022389584536355252,4,4
Others,UCD-0159263,0.6125148063987246,0.6823916949769496,0.3080586706771272,795,4,198.75,183.0,0.9235422988178057,0.9105604250987014,0.1043208609339385,4,4
Others,UCD-0159266,0.323264062213351,0.22833855189515415,0.30718810295979404,726,4,181.5,172.0,0.8993487083763417,0.848166235177791,0.2038759731643953,4,4
Others,UCD-0159268,0.9610885015018698,0.9986867557179607,0.11453461325031775,796,4,199.0,197.5,0.9960657156896622,1.0313351498637602,0.12948225059395096,4,4
Others,UCD-0159269,0.15968444887455385,0.053546054255681756,0.22417100869480358,875,4,218.75,214.5,1.0257420741430665,0.9880612537275419,0.16551453707521688,4,4
Others,UCD-0159270,0.1555441040254247,0.04356276451136553,0.21862807984576388,800,4,200.0,200.0,0.935323155927072,0.9315172782965563,0.045034284226398325,4,4
Others,UCD-0159271,0.7172584984497103,0.8295301864988591,0.2817989823565078,505,4,126.25,125.0,0.5943158698420958,0.5944005418830436,0.08165622505723284,4,4
Others,UCD-0159273,0.28809223977619264,0.18368139074089965,0.28815964624564794,877,4,219.25,206.0,1.0149888749370464,0.9778505305938135,0.11550648111884075,4,4
Others,UCD-0159274,0.7415506977102388,0.8511395859331556,0.27205325641462386,974,4,243.5,245.5,1.140760246495704,1.1768393505025871,0.07742332852886595,4,4
Others,UCD-0159275,0.5208513752450697,0.5227651749237933,0.283977615694628,593,4,148.25,148.5,0.6847856478180632,0.724796288586213,0.18871325081349002,4,4
Others,UCD-0159276,0.8834500967818433,0.8276047279419712,0.10540136515085713,13,1,13.0,13.0,0.05508474576271186,0.05508474576271186,,1,1
Others,UCD-0159277,0.99999999998504,0.99999999998504,,1,1,1.0,1.0,0.00423728813559322,0.00423728813559322,,1,1
Others,UCD-0159278,0.17616201633584352,0.040847995418700565,0.2593111343705076,770,4,192.5,191.5,0.9646710104580659,0.9857718458826492,0.1421124842903219,4,4
Others,UCD-0159279,0.9559787425618459,0.9999776509949331,0.1297118479638283,48,3,16.0,13.0,0.0744218129964143,0.06649616368286446,0.029404429832378825,3,3
Others,UCD-0159280,0.16119298925414355,0.05245339232357404,0.22617531889424503,819,4,204.75,197.5,0.9535795809876662,0.9583219526730067,0.04588496034130627,4,4
Others,UCD-0159282,0.9801621331989386,0.9999426763358576,0.081227515440854,198,4,49.5,34.0,0.2329727748501487,0.1866900148693834,0.18178016465167948,4,4
Others,UCD-0159286,0.9861928124716629,0.9861928124716629,,1,1,1.0,1.0,0.005115089514066497,0.005115089514066497,,1,1
Others,UCD-0159293,0.3610649911292491,0.2951056443247744,0.31409513472797235,822,4,205.5,202.0,0.9590957205468893,0.9864540949925472,0.11122495158875538,4,4
Others,UCD-0159342,0.28450061865059173,0.14127800352678757,0.30825147228791416,671,4,167.75,177.0,0.8223263196764256,0.8627510398098633,0.15810437045716766,4,4
Others,UCD-0159351,0.1445887024207281,0.02311108569661876,0.2332156089495998,888,4,222.0,222.5,1.0824400266845071,1.0766388174807198,0.10496524901955928,4,4
Others,UCD-0159359,0.8584731066902558,0.9708322050172475,0.22979140471918602,723,4,180.75,174.5,0.9032274853092803,0.92096546012905,0.05906566892593798,4,4
Others,UCD-0159361,0.7799901547992171,0.949558261604118,0.2981140677949224,906,4,226.5,237.0,1.109449202443305,1.2083755290696165,0.27010199538953666,4,4
Others,UCD-0159364,0.2375226625340119,0.07967046051687557,0.29697664911815336,756,4,189.0,188.0,0.9208613371733363,0.9212908496732026,0.08218129297280707,4,4
Others,UCD-0159397,0.2050837895679669,0.01987925374152859,0.3249156832335589,621,4,155.25,156.5,0.7235904551841102,0.7211957098863757,0.11964728787467277,4,4
Others,UCD-0159409,0.9694219925740604,0.998575824139516,0.09575484114463668,507,4,126.75,122.5,0.7108481087701133,0.6931291866028708,0.1763845422464942,4,4
Others,UCD-0159443,0.8877708811184992,0.9818619383325008,0.2003248339180274,602,4,150.5,150.5,0.8466576810447909,0.8013652312599682,0.13803874310677422,4,4
Others,UCD-0159445,0.44226492185334276,0.3092564345428108,0.43382405872606805,3,1,3.0,3.0,0.016,0.016,,1,1
Others,UCD-0159458,0.6462563925226518,0.7573917394329959,0.3359569889557439,574,4,143.5,166.0,0.7613172059046268,0.8492554163754638,0.3682602333307624,4,4
Others,UCD-0159486,0.9446007552859788,0.9994557358929892,0.1342622849189131,576,4,144.0,158.0,0.9049643166280139,0.8284985742487387,0.3268329407212868,4,4
Others,UCD-0159487,0.9594373501969189,0.9999831377850383,0.14720688435800036,505,4,126.25,130.0,0.816326295343221,0.8478088281994285,0.223621613036722,4,4
Others,UCD-0159496,0.379781840834139,0.27521153733923687,0.35065650410343613,659,4,164.75,167.5,1.0243258649619829,1.0047433647729767,0.0813423364686412,4,4
Others,UCD-0159504,0.6713424582323,0.7747833226794075,0.3475387742362221,67,3,22.333333333333332,21.0,0.12858142933064443,0.11940298507462686,0.022892802216684337,3,3
Others,UCD-0159505,0.2524582032066113,0.05014018973907758,0.3359696391221026,621,4,155.25,153.5,0.9898711405555815,0.9949852153760089,0.17864298634977824,4,4
Others,UCD-0159509,0.1105064651677384,0.016450753307194477,0.20101457247313004,424,4,106.0,113.0,0.5567522949495277,0.6233033707865169,0.35620284587949935,4,4
Others,UCD-0159513,0.4182497927150356,0.3326682408775804,0.3708900753109343,554,4,138.5,149.5,0.8722134854632098,0.8098267163851722,0.3151339878466261,4,4
Others,UCD-0159514,0.04611524008159305,0.0017156814717400864,0.12600574875801282,682,4,170.5,186.5,0.9602461970547564,0.981097288676236,0.2909566653644352,4,4
Others,UCD-0159514B,0.026997099351527953,0.004473421071574566,0.07982565529385986,576,4,144.0,163.0,1.0716499146947556,1.1959016393442623,0.3127018691676896,4,4
Others,UCD-0159521,0.11764493909614684,0.004268609190526492,0.21687153833735798,469,4,117.25,121.0,0.7249770083508198,0.7053630182057469,0.4134584333285916,4,4
Others,UCD-0159524,0.0048223464231861605,1.414268365565494e-06,0.03915891885482286,348,4,87.0,81.5,0.6908337855617458,0.6511571841851495,0.5532374531275684,4,4
Others,UCD-0159535,0.4393382798913854,0.3945250001094692,0.2927808822215445,619,4,154.75,142.5,1.162672611355553,1.1080838919492932,0.21705039205912252,4,4
Others,UCD-0159540,0.5116088769462863,0.5039401204636216,0.30354747962928913,519,4,129.75,131.5,0.9718298462943948,0.9622950819672131,0.09318378720330489,4,4
Others,UCD-0159557,0.21113619493283842,0.10724429329349139,0.249564678936916,337,4,84.25,99.0,0.6260351313154185,0.7338687197185902,0.35719403931865057,4,4
Others,UCD-0159567,0.6225934574383981,0.712854014536564,0.33489138483544023,453,4,113.25,114.5,0.8462244265824361,0.7796112115732369,0.3783611616989942,4,4
Others,UCD-0159568,0.17357012635093005,0.03488340419474539,0.26058854000099174,687,4,171.75,170.0,1.1020146986162653,1.0991584630041282,0.24177449602726067,4,4
Others,UCD-0159571,0.37318772150832336,0.28801815817044174,0.2979843931521069,585,4,146.25,143.5,1.107506812707163,1.116321118611379,0.1591784317092594,4,4
Others,UCD-0159576,0.4822885958141235,0.473290688615482,0.36667567609669927,613,4,153.25,150.0,0.9693491363456441,0.9707049857097492,0.15919380830425653,4,4
Others,UCD-0159590,0.5651263807799242,0.6039981930136618,0.3380042074309702,134,4,33.5,31.5,0.260243679158226,0.2170926517571885,0.19447562665339282,4,4
Others,UCD-0159594,0.508033467845327,0.5042038409620143,0.2962496737206389,195,4,48.75,47.5,0.3656253782126111,0.3261933461909354,0.31051104179791084,4,4
Others,UCD-0159609,0.30690834045451515,0.18271186127029987,0.2906330169345574,112,2,56.0,56.0,0.3607658184654382,0.3607658184654382,0.47793648603597905,2,2
Others,UCD-0159611,0.2535964338700853,0.1705539036879558,0.25086411877494585,423,4,105.75,126.5,0.6815463435552156,0.8707207207207208,0.42364386191285225,4,4
Others,UCD-0159637,0.15683124911778243,0.03815042078040108,0.22784614203013231,548,4,137.0,140.0,0.9873940508272413,1.0583634719710668,0.2072512686269169,4,4
Others,UCD-0159657,0.14603345792778855,0.04040464660898018,0.20591953804583613,525,4,131.25,132.0,1.1669060561487683,0.982969507969508,0.44371100017392007,4,4
Others,UCD-0159665,0.2980729517818694,0.2234271707713275,0.2542664281660867,596,4,149.0,160.5,1.1388087132377342,1.2841748035246487,0.30960888535504827,4,4
PI3K/Akt/mTOR,UCD-0001829,0.44464287742806674,0.4079793185219639,0.30719900408195217,746,4,186.5,182.0,0.8684117610854121,0.8697880739883902,0.10177094978588044,4,4
PI3K/Akt/mTOR,UCD-0001885,0.9301004606072607,0.998569920432415,0.17824520328978238,274,4,68.5,78.5,0.3378351493410846,0.38078431372549015,0.16620692707696225,4,4
PI3K/Akt/mTOR,UCD-0001888,0.09084488563777376,0.012898240981322574,0.16390960615189804,635,4,158.75,165.5,0.7869841002955156,0.816508405977584,0.3739874659167992,4,4
PI3K/Akt/mTOR,UCD-0001900,0.1921581419983801,0.06426580007342485,0.260747447401336,893,4,223.25,221.0,1.0871040366108793,1.0699215808470308,0.04961056172918925,4,4
PI3K/Akt/mTOR,UCD-0018240,0.047591775338577155,8.761536609320186e-05,0.1515715029738093,909,4,227.25,227.5,1.0849625469683453,1.1149075500770418,0.09932478693992469,4,4
PI3K/Akt/mTOR,UCD-0159259,0.36681011785776657,0.3064040172378214,0.311795971621013,624,4,156.0,158.0,0.728007989182217,0.7149860079127666,0.039999670165511744,4,4
PI3K/Akt/mTOR,UCD-0159290,0.9991458343659912,0.9998426692161004,0.0015133509998037913,6,1,6.0,6.0,0.030690537084398978,0.030690537084398978,,1,1
PI3K/Akt/mTOR,UCD-0159302,0.37115787775444925,0.28795118200530584,0.3215346955397223,673,4,168.25,165.5,0.8433704409269425,0.8733316544950894,0.17104553040033657,4,4
PI3K/Akt/mTOR,UCD-0159314,0.042686034141782764,2.8509422451097125e-05,0.1157174246145455,117,2,58.5,58.5,0.29703030303030303,0.29703030303030303,0.17579103129861925,2,2
PI3K/Akt/mTOR,UCD-0159315,0.9376993035376229,0.9997594514304027,0.15305995002574743,582,4,145.5,154.0,0.7053375851029732,0.7216927140655954,0.24842148100164713,4,4
PI3K/Akt/mTOR,UCD-0159325,0.3997986029102429,0.009220777091700046,0.5402891423930444,5,3,1.6666666666666667,1.0,0.007937437327267835,0.005333333333333333,0.004941510085497663,3,3
PI3K/Akt/mTOR,UCD-0159355,0.21079901959172598,0.061675611238178885,0.2845874660394801,941,4,235.25,245.0,1.1429130695278813,1.183712121212121,0.12030044150838014,4,4
PI3K/Akt/mTOR,UCD-0159370,0.5563156217563376,0.5898554805599423,0.3769582445806872,731,4,182.75,176.5,0.8948715251206556,0.8245642701525054,0.22383016733767022,4,4
PI3K/Akt/mTOR,UCD-0159379,0.8754297144543968,0.9759272013987341,0.2090137948225087,756,4,189.0,171.0,0.9334286270085803,0.8413279887618679,0.199930019871556,4,4
PI3K/Akt/mTOR,UCD-0159423,0.03975103197195535,0.004461538811179023,0.09870670572580958,707,4,176.75,173.0,0.882781233911069,0.8702781237027812,0.25606080083885097,4,4
PI3K/Akt/mTOR,UCD-0159431,0.05884045330466291,0.011343828626269321,0.12434634172702795,362,4,90.5,36.5,0.43001921386843833,0.19708180673231052,0.5158836113909729,4,4
PI3K/Akt/mTOR,UCD-0159439,0.7538769312354222,0.7812630761748637,0.25392489063294815,287,4,71.75,70.0,0.34315076168282527,0.3192133603870766,0.17149499054553052,4,4
PI3K/Akt/mTOR,UCD-0159497,0.27017316190846274,0.15206366032192986,0.30654533502368614,617,4,154.25,154.0,0.9535298215229295,0.940641732598098,0.03127324006923954,4,4
PI3K/Akt/mTOR,UCD-0159553,0.30321136596116477,0.09503550256614227,0.3727952315631968,94,4,23.5,16.5,0.16155765802866384,0.10193398865180212,0.16918055377702856,4,4
PI3K/Akt/mTOR,UCD-0159578,0.3327444649742764,0.24866773993849015,0.3151213783196859,163,2,81.5,81.5,0.5364151398264224,0.5364151398264224,0.7066124201293053,2,2
PI3K/Akt/mTOR,UCD-0159579,0.19455361382592368,0.11308449653774354,0.22580321585180702,412,4,103.0,99.5,0.7697680507458841,0.8105462268533882,0.14115414964986672,4,4
PI3K/Akt/mTOR,UCD-0159581,0.37996792352926445,0.3323014620748569,0.3046163253786168,336,4,84.0,78.5,0.6419743039911923,0.6077190997856633,0.18742513225842844,4,4
PI3K/Akt/mTOR,UCD-0159605,0.22551976093068823,0.17051589759726185,0.25585264013042813,62,3,20.666666666666668,24.0,0.13751384162675465,0.17142857142857143,0.0638190132224439,3,3
PI3K/Akt/mTOR,UCD-0159613,0.1589878463410923,0.04020074618423163,0.2234739235977036,37,2,18.5,18.5,0.1199367088607595,0.1199367088607595,0.0989054421786247,2,2
Proteases,UCD-0000918,0.17116809006303813,0.04133116235590268,0.25061243624696916,685,4,171.25,170.0,0.8032050336365395,0.8021074815595364,0.030224130291780053,4,4
Proteases,UCD-0018183,0.1993284698511397,0.07511713028327074,0.2621886253701792,846,4,211.5,199.0,0.9920321194399632,0.9730471079308288,0.12181683855156883,4,4
Proteases,UCD-0018458,0.2813283756268461,0.17758005547346672,0.2815968050608375,730,4,182.5,182.0,0.9134207996091643,0.916002438379168,0.04822232449784556,4,4
Proteases,UCD-0159316,0.2798796091839089,0.15900518326508686,0.298451904747527,570,4,142.5,145.5,0.6855231990781827,0.67714058098185,0.2724042606458328,4,4
Proteases,UCD-0159328,0.9999966473643804,0.9999966473643804,,1,1,1.0,1.0,0.004842615012106538,0.004842615012106538,,1,1
Proteases,UCD-0159352,0.4195018291082867,0.34015381005631795,0.3634623549689585,464,4,116.0,114.5,0.566735638557051,0.5770588235294118,0.11161849802045753,4,4
Proteases,UCD-0159353,0.9382881009770744,0.9941970814224109,0.13493157493301283,597,4,149.25,143.0,0.7494209995633342,0.729387193856372,0.16009615202501634,4,4
Proteases,UCD-0159457,0.5137704467241636,0.5215626523516323,0.3654041234405665,706,4,176.5,183.0,1.121074774517766,1.078508988949365,0.18518048043518373,4,4
Proteases,UCD-0159471,0.7559995229342313,0.9429861868003562,0.31742989116194986,614,4,153.5,147.5,0.9754479634606494,1.0174830941777997,0.16679447790555693,4,4
Proteases,UCD-0159516,0.21572152724949353,0.04615227766916359,0.2970204439078891,377,4,94.25,98.5,0.4979494366066144,0.4872025518341308,0.41390096357215317,4,4
Proteases,UCD-0159517,0.3556983528548707,0.2654726149719398,0.32955882528321145,638,4,159.5,161.0,0.8859351277083105,0.8932784951169954,0.0770204965553224,4,4
Proteases,UCD-0159518,0.999850919616445,0.999999999421332,0.0026185442074938285,348,4,87.0,95.5,0.5464637196496336,0.5001645097609124,0.1881349541309609,4,4
Proteases,UCD-0159522,0.3004574739023935,0.1763156046247135,0.3319202195858088,497,4,124.25,145.0,0.7356603498826765,0.9018425093222198,0.41672888056077023,4,4
Proteases,UCD-0159523,0.20075475365207562,0.037228020339247145,0.294684107067071,240,2,120.0,120.0,0.7408832128019696,0.7408832128019696,0.07093916315335114,2,2
Proteases,UCD-0159530,0.14011551730612756,0.010666034931216765,0.24354938669354256,533,4,133.25,131.5,0.8394122018467577,0.8400263725725245,0.10854074607229917,4,4
Proteases,UCD-0159539,0.7355994132672927,0.8284073344321459,0.2574785657532616,534,4,133.5,134.0,1.007543413927594,1.0008437801350047,0.11167390304037184,4,4
Proteases,UCD-0159642,0.2685070746572331,0.2010762501379143,0.24996085098629783,375,4,93.75,110.5,0.616151348042983,0.6933645183645183,0.40258739992464226,4,4
Proteases,UCD-0159652,0.115872604394342,0.027741540684287577,0.18978800506630444,512,4,128.0,122.0,0.9159924164079541,0.9277270652670013,0.11803074444528015,4,4
Protein Tyrosine Kinase,UCD-0001733,0.5173475068591279,0.516145888228768,0.3347850020041165,793,4,198.25,198.5,0.990318946518031,0.9753210778141526,0.1190828240278897,4,4
Protein Tyrosine Kinase,UCD-0001869,0.5475214936670724,0.5905799223332368,0.35884828016900233,973,4,243.25,249.0,1.1626191306463385,1.186329170383586,0.14239241118428667,4,4
Protein Tyrosine Kinase,UCD-0159308,0.6896773445900586,0.7612804043648753,0.297516692071834,29,2,14.5,14.5,0.07693939393939395,0.07693939393939395,0.10238049092452499,2,2
Protein Tyrosine Kinase,UCD-0159313,0.6827815038255973,0.8748606789696658,0.37214010634650524,703,4,175.75,184.5,0.8429492317079293,0.8249202551834132,0.23275474938245125,4,4
Protein Tyrosine Kinase,UCD-0159330,0.044591170605969815,6.672762923602202e-05,0.14708521519623532,762,4,190.5,187.5,0.9188164614154801,0.8809487123046444,0.22059574321210143,4,4
Protein Tyrosine Kinase,UCD-0159372,0.36927445157472183,0.24552828414970979,0.3337360660501811,61,1,61.0,61.0,0.2785388127853881,0.2785388127853881,,1,1
Protein Tyrosine Kinase,UCD-0159378,0.22447380707487832,0.02393225761014812,0.3209901501418284,591,4,147.75,145.5,0.7198983050933754,0.7284022746747683,0.046810098819161074,4,4
Protein Tyrosine Kinase,UCD-0159389,0.35908648339063165,0.25904530179187557,0.34726957309801465,588,4,147.0,158.0,0.7456855021725108,0.7606017735757911,0.22899226576779158,4,4
Protein Tyrosine Kinase,UCD-0159391,0.11978147838222085,0.037592230255380985,0.18355572689612396,960,4,240.0,243.5,1.2124649989716758,1.1994344603758962,0.21637328356079186,4,4
Protein Tyrosine Kinase,UCD-0159398,0.173032348669187,0.08040140797321339,0.21991405220852303,902,4,225.5,220.0,1.1251785893965254,1.087982310510648,0.10916228581980839,4,4
Protein Tyrosine Kinase,UCD-0159419,0.04582036775890503,0.00012862733718903638,0.09332840152590681,10,2,5.0,5.0,0.02316736902346392,0.02316736902346392,0.026436030017202697,2,2
Protein Tyrosine Kinase,UCD-0159433,0.735386106362139,0.8488302423495759,0.28547146447353716,853,4,213.25,216.0,1.0021025228761418,1.0412950874934879,0.12940460523859149,4,4
Protein Tyrosine Kinase,UCD-0159435,4.651425286072529e-05,6.724109045193016e-06,7.692521459043082e-05,5,2,2.5,2.5,0.011887098443808012,0.011887098443808012,0.002561892689161433,2,2
Protein Tyrosine Kinase,UCD-0159552,0.1978008338756756,0.04857682580445826,0.2784539274779464,629,4,157.25,164.0,1.005948576896985,0.8598376837025663,0.3716528288780475,4,4
Protein Tyrosine Kinase,UCD-0159569,0.5246189090249783,0.5226113063014249,0.28877209580099206,621,4,155.25,157.5,1.1717262892413884,1.146731267007367,0.1685554841010327,4,4
Protein Tyrosine Kinase,UCD-0159573,0.4102339593136315,0.3235172866977345,0.36172720627304655,323,4,80.75,83.0,0.6026649836612152,0.5873071359691417,0.16958767523171084,4,4
Protein Tyrosine Kinase,UCD-0159585,0.80273369849347,0.8971045450271242,0.23104858495556096,508,4,127.0,126.5,0.9636649436438809,0.9781495594189094,0.15903589451466768,4,4
Protein Tyrosine Kinase,UCD-0159636,0.23297773883827103,0.10792030231644098,0.27234765050326826,656,4,164.0,167.5,1.1838134178475708,1.29751356238698,0.3134389489736037,4,4
Protein Tyrosine Kinase,UCD-0159639,0.09716621562077887,0.025461348461085914,0.16694568655907022,472,4,118.0,140.5,0.7965353478163362,0.9021616047235815,0.4574781999466303,4,4
Protein Tyrosine Kinase,UCD-0159653,0.23010946244053818,0.121881963847319,0.25950448252427155,567,4,141.75,146.5,1.0031495357879472,1.0015974440894568,0.027257611344722203,4,4
Protein Tyrosine Kinase,UCD-0159663,0.4177476464050575,0.3771626083673415,0.3052595372422761,538,4,134.5,165.0,0.9621217773784314,1.0642238392238392,0.3220366388235147,4,4
Stem Cells & Wnt,UCD-0159284,0.6568851913656727,0.7611643193839261,0.3168415189869771,565,4,141.25,159.0,0.6787086602168512,0.7915290641372632,0.3708428888149074,4,4
Stem Cells & Wnt,UCD-0159323,0.7804986612355564,0.9861487049996776,0.32474296562168226,184,4,46.0,30.5,0.22143424045475785,0.1460877192982456,0.23325870789539932,4,4
Stem Cells & Wnt,UCD-0159346,0.8558897423896336,0.9741823447383983,0.23157032639619549,877,4,219.25,216.0,1.0691317129406877,1.0837611408199643,0.03778487636188176,4,4
Stem Cells & Wnt,UCD-0159362,0.10746917778521341,0.013322563338018772,0.20073343512571107,872,4,218.0,216.0,1.0634158415904598,1.086397933923641,0.06729790624676073,4,4
Stem Cells & Wnt,UCD-0159429,0.9953439093389719,0.9999649856009679,0.029117453426044305,468,4,117.0,115.5,0.6582825377140081,0.6320627923229933,0.09093524714947429,4,4
Stem Cells & Wnt,UCD-0159436,0.4204380524126,0.3740847629695706,0.3250352915285735,660,4,165.0,179.0,0.8187474643784382,0.85074200913242,0.09538361532056484,4,4
Stem Cells & Wnt,UCD-0159519,0.09241464734291888,0.0048551501992214335,0.16083652059130094,15,2,7.5,7.5,0.04418069228326453,0.04418069228326453,0.02026560400193265,2,2
TGF-beta/Smad,UCD-0159365,0.4976365377659735,0.505087493782663,0.34279696758830563,694,4,173.5,184.0,0.8459904998946741,0.9080846735128851,0.33345824677329144,4,4
TGF-beta/Smad,UCD-0159394,0.42103124969735645,0.45901428242492237,0.23069656862477333,845,4,211.25,219.5,0.9793716468239839,0.9892740032484447,0.4149443059245712,4,4
TGF-beta/Smad,UCD-0159453,0.15265388033184746,0.03440009046985351,0.2337511215281821,706,4,176.5,185.5,0.9944440928324421,1.0345411537014138,0.22945080587437755,4,4
TGF-beta/Smad,UCD-0159455,0.11627553051843342,0.0071838927105771985,0.23116962436852875,711,4,177.75,169.5,0.9904307307580802,0.9869027113237641,0.0820760171257066,4,4
TGF-beta/Smad,UCD-0159472,0.25279747701176886,0.08098983072753768,0.3208390259374409,433,4,108.25,106.5,0.6883360009940249,0.8073585560569247,0.38533346757283515,4,4
TGF-beta/Smad,UCD-0159565,0.2688747630940155,0.1453456791117655,0.28972448894324027,189,4,47.25,54.0,0.3484209501481617,0.39567266210924534,0.20281205668698762,4,4
Transmembrane Transporters,UCD-0000377,0.6119232767921465,0.681959353362649,0.3263849965500286,1025,4,256.25,242.0,1.214399432720041,1.1040008324228707,0.28438154590839243,4,4
Transmembrane Transporters,UCD-0000878,0.2480704853036933,0.0982085393539494,0.27309958378199783,29,3,9.666666666666666,4.0,0.05256558803616123,0.021798365122615803,0.06517052486920503,3,3
Transmembrane Transporters,UCD-0001419,0.9917529613532274,0.9999337803902641,0.04538110816888636,724,4,181.0,163.5,0.8965337686277699,0.8291083916083917,0.16159623769112277,4,4
Transmembrane Transporters,UCD-0001567,0.15102523069302243,0.06620116759182341,0.18840630867432626,83,2,41.5,41.5,0.1998723301473379,0.1998723301473379,0.030815909203913246,2,2
Transmembrane Transporters,UCD-0001580,0.999788669470584,0.999788669470584,,1,1,1.0,1.0,0.00554016620498615,0.00554016620498615,,1,1
Transmembrane Transporters,UCD-0001653,0.5347552050278691,0.568465366531764,0.33699842132621205,919,4,229.75,230.0,1.0796966859164456,1.0927267051662244,0.05854492678063948,4,4
Transmembrane Transporters,UCD-0159312,0.13554722703392466,0.03593519273138378,0.2093879129974464,702,4,175.5,175.0,0.8640771349976797,0.897254565942063,0.07126458376055907,4,4
Transmembrane Transporters,UCD-0159331,0.6041716288466134,0.6969817553169126,0.35294451543173555,665,4,166.25,167.0,0.8174052072466181,0.8189661319073084,0.19269627072833673,4,4
Transmembrane Transporters,UCD-0159333,0.32249564145255066,0.2165298803421395,0.3177963796816247,936,4,234.0,231.5,1.1393725875876564,1.1460832619251642,0.14650880055542873,4,4
Transmembrane Transporters,UCD-0159376,0.03428054541194044,0.00038152960231780465,0.11722615306400648,908,4,227.0,222.5,1.1086639340631477,1.0804770065695517,0.10194982167594961,4,4
Transmembrane Transporters,UCD-0159418,0.2775686420570803,0.16966828601768258,0.28503125924484474,805,4,201.25,194.5,0.9535151199274985,0.8861661724155872,0.2421576810517479,4,4
Transmembrane Transporters,UCD-0159479,0.7824579668009641,0.9366036354542182,0.2754423531552595,472,4,118.0,123.0,0.7496404295264902,0.6449571169388092,0.21685189213251638,4,4
Transmembrane Transporters,UCD-0159480,0.6370938354967194,0.8019283783662943,0.3659255280061374,163,2,81.5,81.5,0.43972149561470997,0.43972149561470997,0.4424449493299116,2,2
Transmembrane Transporters,UCD-0159528,0.9470903769140641,0.9961212501865124,0.1246785118978985,496,4,124.0,120.0,0.8892650864321507,0.93697173130586,0.31486117024492827,4,4
Transmembrane Transporters,UCD-0159610,0.45689844053193807,0.4320305027066277,0.2873234628987765,539,3,179.66666666666666,156.0,1.1964238002260816,1.0,0.5281835281468477,3,3
Transmembrane Transporters,UCD-0159630,0.09921127511682538,0.03278817648139269,0.1603521026711586,576,4,144.0,140.0,1.0339519304046947,1.0019439421338154,0.1310643702049001,4,4
Transmembrane Transporters,UCD-0159644,0.10523022218402205,0.004073811551737843,0.20470894305874496,242,3,80.66666666666667,90.0,0.5510250988412513,0.569620253164557,0.5228062733776262,3,3
Transmembrane Transporters,UCD-0159661,0.08291338263269502,0.011121560426931276,0.15436461729020184,183,4,45.75,36.0,0.3646683012260114,0.2396473779385172,0.3725719433146072,4,4
Ubiquitin,UCD-0159447,0.02456969858172466,0.0001072557307838865,0.10618810429912949,706,4,176.5,173.0,0.986317061561231,0.9888715660448364,0.08246829277190185,4,4
Ubiquitin,UCD-0159449,0.7567513384716827,0.9843947637349728,0.3455489466908766,443,4,110.75,136.0,0.6645188559312732,0.7697411713094977,0.33401891690164803,4,4
Ubiquitin,UCD-0159451,0.06047635990064606,0.0006907648879350142,0.1720761080084479,44,2,22.0,22.0,0.11809132420091324,0.11809132420091324,0.1573199580207002,2,2
Ubiquitin,UCD-0159467,8.587363474179593e-35,8.587363474179593e-35,,1,1,1.0,1.0,0.004784688995215311,0.004784688995215311,,1,1
Ubiquitin,UCD-0159546,0.23491877988157747,0.07725562534299577,0.30902915890091465,655,4,163.75,165.5,1.0300586865683823,0.9849555414417275,0.23500814507738502,4,4
