platemap,raw_amplitude,standard_error,shrunk_amplitude
1,0.658617122254465,0.24540910323141873,0.8983446273215435
2,1.1909966446528089,0.12915393387277058,1.1360044854729754
3,0.9160908281439369,0.14587465050067003,0.9522262970769124
4,1.0507609768493584,0.14142464956247902,1.0399863962005473
5,0.9099168261971883,0.10087219603470853,0.9329468205985031
6,1.0297466886600013,0.11849704734414966,1.0268700586547335
7,1.282665359056577,0.11782683044883156,1.200122041319825
8,1.300714345086647,0.1417113005903367,1.1875418458198335
9,0.666756488167082,0.20905244482191598,0.8771797000012694
10,1.2642276186485528,0.1525084472073496,1.1618685739570183
11,0.6565357648619842,0.16826775230538205,0.8409398892452961
