component,variance_explained,row_explains_before,row_explains_after
PC1,0.25236515524710224,0.013161690782999317,0.016201773235500323
PC2,0.17326150863622025,0.10148833021616491,0.011534781111701784
PC3,0.11691018844731588,0.2502664079324668,0.05556227298188145
PC4,0.05552406710966938,0.0030333500477892138,0.008937745778522363
PC5,0.038631335193615376,0.026774810734802597,0.005344461373886626
PC6,0.03465818141451783,0.007713470541154518,0.0017240315253673707
PC7,0.026079530486114763,0.06944027487596682,0.007229302699484801
PC8,0.023832222902983282,0.021572481493770036,0.0038778585370784677
PC9,0.01846920517276116,0.02449014216128424,0.015026150675349442
PC10,0.01605101956080688,0.00978216604460042,0.01601313942974018
